1;61.4
1;69.2
1;76.8
1;80.6
1;86.4
1;92.2
1;96.0
1;99.8
1;103.8
1;107.6
1;111.4
1;115.2
1;119.0
1;123.0
1;124.8
1;127.8
1;130.6
1;132.6
1;135.4
1;138.2
1;140.2
1;143.0
1;146.0
1;147.8
1;150.8
1;153.6
1;155.6
1;157.4
1;159.4
1;162.2
1;164.2
1;169.0
1;171.0
1;172.8
1;174.8
1;176.6
1;178.6
1;180.6
1;182.4
1;184.4
1;185.4
1;187.2
1;189.2
1;191.0
1;193.0
1;195.0
1;196.8
1;198.8
1;200.2
1;201.6
1;203.6
1;205.4
1;207.4
1;208.4
1;210.2
1;212.2
1;214.2
1;215.6
1;217.0
1;219.0
1;220.8
1;222.8
1;225.6
1;227.0
1;228.6
1;230.4
1;231.4
1;233.4
1;234.8
1;236.2
1;238.2
1;239.0
1;241.0
1;242.4
1;243.8
1;245.8
1;246.8
1;248.2
1;249.6
1;250.6
1;252.6
1;254.0
1;255.4
1;256.4
1;257.8
1;259.2
1;261.2
1;262.2
1;263.6
1;265.0
1;266.0
1;267.8
1;269.4
1;272.6
1;273.6
1;275.6
1;277.0
1;278.4
1;279.4
1;280.8
1;282.2
1;283.2
1;284.6
1;286.2
1;287.0
1;288.6
1;290.0
1;291.8
1;292.8
1;294.2
1;295.8
1;296.6
1;298.2
1;299.6
1;300.6
1;302.0
1;303.4
1;304.4
1;305.8
1;307.2
1;308.2
1;309.6
1;311.0
1;312.0
1;315.0
1;315.8
1;317.4
1;318.8
1;319.8
1;321.2
1;322.6
1;323.6
1;325.0
1;326.4
1;327.4
1;328.8
1;330.2
1;331.2
1;332.6
1;334.2
1;335.0
1;336.6
1;338.0
1;339.0
1;340.4
1;341.8
1;342.8
1;344.2
1;345.6
1;346.6
1;348.0
1;349.4
1;350.4
1;351.8
1;353.4
1;355.8
1;357.2
1;358.2
1;359.6
1;361.0
1;362.0
1;363.4
1;364.8
1;365.8
1;367.2
1;368.6
1;369.6
1;371.0
1;372.6
1;373.4
1;375.0
1;376.4
1;377.4
1;378.8
1;380.2
1;381.2
1;382.6
1;384.0
1;385.0
1;386.4
1;387.8
1;388.8
1;390.2
1;391.8
1;392.6
1;394.2
1;396.6
1;398.0
1;399.4
1;400.4
1;401.8
1;403.2
1;404.2
1;405.6
1;407.0
1;408.0
1;409.4
1;411.0
1;411.8
1;413.8
1;415.2
1;416.6
1;417.6
1;419.0
1;420.6
1;421.4
1;423.0
1;424.4
1;425.4
1;426.8
1;428.2
1;430.2
1;431.0
1;432.6
1;434.0
1;435.0
1;436.8
1;439.8
1;440.6
1;442.2
1;443.6
1;445.4
1;446.4
1;447.8
1;449.4
1;450.2
1;452.2
1;453.6
1;455.0
1;457.0
1;458.0
1;459.8
1;461.4
1;462.8
1;463.8
1;465.2
1;466.6
1;468.6
1;469.4
1;471.4
1;472.8
1;474.2
1;476.2
1;477.2
1;479.0
1;480.6
1;482.0
1;483.8
1;486.8
1;488.2
1;489.6
1;491.6
1;492.6
1;494.4
1;495.8
1;497.4
1;499.2
1;500.2
1;502.2
1;504.0
1;506.0
1;507.4
1;508.8
1;510.8
1;512.6
1;514.6
1;516.6
1;518.4
1;520.4
1;522.2
1;524.2
1;526.2
1;528.0
1;530.0
1;531.8
1;533.8
1;535.8
1;538.6
1;540.6
1;545.4
1;547.2
1;549.2
1;551.0
1;554.0
1;555.8
1;557.8
1;560.6
1;562.6
1;564.6
1;566.4
1;569.4
1;572.2
1;574.2
1;577.0
1;579.8
1;583.8
1;585.6
1;589.4
1;592.4
1;595.2
1;599.0
1;601.0
1;604.8
1;608.6
1;612.6
1;616.4
1;620.2
1;624.0
1;629.8
1;637.4
1;652.8
1;664.4
1;675.8
-1;699.0
-1;710.4
-1;718.2
-1;725.8
-1;731.6
-1;737.4
-1;741.2
-1;745.0
-1;748.8
-1;752.6
-1;756.6
-1;760.4
-1;764.2
-1;768.0
-1;770.0
-1;772.8
-1;775.8
-1;777.6
-1;781.4
-1;784.4
-1;787.2
-1;789.2
-1;792.0
-1;795.0
-1;796.8
-1;799.8
-1;801.6
-1;803.6
-1;808.4
-1;810.2
-1;812.2
-1;815.0
-1;817.0
-1;819.0
-1;820.8
-1;822.8
-1;824.6
-1;826.6
-1;829.4
-1;831.4
-1;833.4
-1;835.2
-1;837.2
-1;839.0
-1;841.0
-1;843.0
-1;844.8
-1;845.8
-1;847.8
-1;849.6
-1;851.6
-1;853.0
-1;854.4
-1;856.4
-1;858.2
-1;860.2
-1;861.2
-1;863.0
-1;864.6
-1;867.8
-1;868.8
-1;870.8
-1;872.2
-1;873.6
-1;875.6
-1;876.6
-1;878.4
-1;879.8
-1;881.4
-1;883.2
-1;884.2
-1;886.2
-1;887.6
-1;889.0
-1;891.0
-1;891.8
-1;893.4
-1;894.8
-1;895.8
-1;897.6
-1;899.0
-1;900.6
-1;902.4
-1;903.4
-1;905.4
-1;906.8
-1;908.2
-1;909.2
-1;910.6
-1;912.0
-1;915.0
-1;916.4
-1;917.8
-1;918.8
-1;920.6
-1;922.2
-1;923.6
-1;924.6
-1;926.0
-1;927.4
-1;928.4
-1;929.8
-1;931.2
-1;932.2
-1;933.6
-1;935.0
-1;937.0
-1;938.0
-1;939.4
-1;940.8
-1;941.8
-1;943.2
-1;944.6
-1;945.6
-1;947.0
-1;948.6
-1;949.4
-1;951.0
-1;952.4
-1;953.4
-1;954.8
-1;957.2
-1;958.6
-1;960.0
-1;961.0
-1;962.4
-1;963.8
-1;964.8
-1;966.2
-1;967.8
-1;968.6
-1;970.2
-1;971.6
-1;972.6
-1;974.0
-1;975.4
-1;976.4
-1;977.8
-1;979.2
-1;980.2
-1;981.6
-1;983.0
-1;984.0
-1;985.0
-1;986.0
-1;987.4
-1;988.8
-1;989.8
-1;991.2
-1;992.6
-1;993.6
-1;995.0
-1;997.4
-1;999.0
-1;1000.4
-1;1001.4
-1;1002.8
-1;1004.2
-1;1005.2
-1;1006.6
-1;1008.0
-1;1009.0
-1;1010.4
-1;1011.8
-1;1012.8
-1;1014.2
-1;1015.8
-1;1016.6
-1;1018.2
-1;1019.6
-1;1020.6
-1;1022.0
-1;1023.4
-1;1024.4
-1;1025.8
-1;1027.2
-1;1028.2
-1;1029.6
-1;1030.6
-1;1031.6
-1;1033.0
-1;1034.0
-1;1035.4
-1;1037.8
-1;1039.2
-1;1040.6
-1;1041.6
-1;1043.0
-1;1044.6
-1;1045.4
-1;1046.4
-1;1047.4
-1;1048.8
-1;1050.2
-1;1051.2
-1;1052.6
-1;1054.2
-1;1055.0
-1;1056.6
-1;1058.0
-1;1059.0
-1;1060.4
-1;1061.4
-1;1062.2
-1;1063.8
-1;1064.6
-1;1066.2
-1;1067.6
-1;1068.6
-1;1070.0
-1;1071.4
-1;1072.4
-1;1074.2
-1;1075.8
-1;1078.2
-1;1079.6
-1;1081.0
-1;1082.0
-1;1083.4
-1;1084.8
-1;1085.8
-1;1087.2
-1;1088.6
-1;1090.6
-1;1091.6
-1;1093.0
-1;1094.4
-1;1095.4
-1;1096.8
-1;1098.2
-1;1099.2
-1;1100.6
-1;1102.2
-1;1103.0
-1;1105.0
-1;1106.4
-1;1107.8
-1;1108.8
-1;1110.2
-1;1111.8
-1;1113.6
-1;1114.6
-1;1116.0
-1;1117.4
-1;1118.4
-1;1121.8
-1;1123.2
-1;1124.2
-1;1125.6
-1;1127.0
-1;1129.0
-1;1130.0
-1;1131.8
-1;1133.4
-1;1134.8
-1;1136.6
-1;1137.6
-1;1139.0
-1;1140.6
-1;1141.4
-1;1143.4
-1;1144.8
-1;1146.2
-1;1148.2
-1;1149.2
-1;1151.0
-1;1152.6
-1;1154.0
-1;1155.8
-1;1156.8
-1;1158.8
-1;1160.2
-1;1161.6
-1;1163.6
-1;1165.4
-1;1167.4
-1;1170.2
-1;1172.2
-1;1174.2
-1;1176.0
-1;1178.0
-1;1179.8
-1;1181.8
-1;1183.2
-1;1184.6
-1;1186.6
-1;1188.6
-1;1190.4
-1;1192.4
-1;1194.2
-1;1196.2
-1;1199.0
-1;1201.0
-1;1203.0
-1;1204.8
-1;1206.8
-1;1208.6
-1;1210.6
-1;1213.4
-1;1215.4
-1;1217.4
-1;1219.2
-1;1221.2
-1;1223.0
-1;1226.0
-1;1228.8
-1;1230.8
-1;1234.6
-1;1237.4
-1;1240.4
-1;1242.2
-1;1245.2
-1;1248.0
-1;1250.0
-1;1252.8
-1;1255.8
-1;1259.6
-1;1261.4
-1;1265.4
-1;1269.2
-1;1275.0
-1;1278.8
-1;1284.6
-1;1290.2
-1;1294.2
-1;1299.8
-1;1305.6
-1;1313.4
-1;1324.8
-1;1336.4
1;1359.4
1;1371.0
1;1378.6
1;1384.4
1;1390.2
1;1394.0
1;1399.8
1;1403.6
1;1411.2
1;1414.2
1;1417.0
1;1420.8
1;1422.8
1;1426.6
1;1429.4
1;1432.4
1;1434.2
1;1437.2
1;1440.0
1;1443.8
1;1445.8
1;1448.6
1;1451.6
1;1453.4
1;1456.4
1;1459.2
1;1461.2
1;1463.0
1;1465.0
1;1467.8
1;1469.8
1;1471.8
1;1474.6
1;1476.6
1;1478.4
1;1480.4
1;1482.2
1;1484.2
1;1486.2
1;1490.0
1;1491.8
1;1493.8
1;1495.8
1;1497.6
1;1499.6
1;1501.4
1;1503.4
1;1505.4
1;1506.2
1;1508.2
1;1510.2
1;1512.0
1;1513.4
1;1515.0
1;1516.8
1;1518.8
1;1520.6
1;1521.6
1;1523.6
1;1525.0
1;1526.4
1;1528.4
1;1529.4
1;1531.2
1;1532.6
1;1534.2
1;1536.0
1;1537.0
1;1539.0
1;1540.4
1;1543.8
1;1544.6
1;1546.6
1;1548.0
1;1549.4
1;1551.4
1;1552.4
1;1553.8
1;1555.2
1;1556.2
1;1558.2
1;1559.6
1;1561.0
1;1563.0
1;1563.8
1;1565.8
1;1567.2
1;1568.6
1;1569.6
1;1571.0
1;1572.6
1;1574.4
1;1575.4
1;1576.8
1;1578.2
1;1579.2
1;1581.2
1;1582.6
1;1584.0
1;1585.0
1;1586.4
1;1588.8
1;1590.2
1;1591.8
1;1592.6
1;1594.2
1;1595.6
1;1596.6
1;1598.0
1;1599.4
1;1600.4
1;1601.8
1;1603.2
1;1604.2
1;1605.6
1;1607.0
1;1608.0
1;1609.4
1;1611.0
1;1612.8
1;1613.8
1;1615.2
1;1616.6
1;1617.6
1;1619.0
1;1620.6
1;1621.4
1;1623.0
1;1624.4
1;1625.4
1;1626.8
1;1628.2
1;1630.6
1;1632.0
1;1633.0
1;1634.4
1;1635.8
1;1636.8
1;1638.2
1;1639.8
1;1640.6
1;1642.2
1;1643.6
1;1644.6
1;1646.0
1;1647.4
1;1648.4
1;1649.8
1;1651.2
1;1652.2
1;1653.6
1;1655.0
1;1656.0
1;1657.4
1;1659.0
1;1659.8
1;1661.4
1;1662.8
1;1663.8
1;1665.2
1;1666.6
1;1667.6
1;1669.0
1;1671.4
1;1672.8
1;1674.2
1;1675.2
1;1676.2
1;1677.2
1;1678.6
1;1680.0
1;1681.0
1;1682.4
1;1683.8
1;1684.8
1;1686.2
1;1687.8
1;1688.6
1;1690.2
1;1691.6
1;1692.6
1;1694.0
1;1695.4
1;1696.4
1;1697.8
1;1699.2
1;1700.2
1;1701.6
1;1703.0
1;1705.0
1;1706.0
1;1707.4
1;1708.8
1;1709.8
1;1712.6
1;1713.6
1;1715.0
1;1716.6
1;1717.4
1;1719.0
1;1720.4
1;1721.4
1;1722.8
1;1724.2
1;1725.2
1;1726.6
1;1728.0
1;1729.0
1;1730.4
1;1731.8
1;1732.8
1;1734.8
1;1736.2
1;1737.6
1;1738.6
1;1740.0
1;1741.4
1;1743.4
1;1744.4
1;1745.8
1;1747.2
1;1748.2
1;1750.2
1;1751.6
1;1753.0
1;1755.4
1;1756.8
1;1757.8
1;1759.2
1;1760.6
1;1761.6
1;1763.0
1;1764.6
1;1766.4
1;1767.4
1;1768.8
1;1770.2
1;1771.2
1;1773.2
1;1774.6
1;1776.0
1;1778.0
1;1779.0
1;1780.8
1;1782.2
1;1783.8
1;1785.6
1;1786.6
1;1788.6
1;1790.0
1;1791.4
1;1793.4
1;1795.2
1;1797.2
1;1798.2
1;1800.0
1;1803.0
1;1804.8
1;1805.8
1;1807.8
1;1809.6
1;1811.6
1;1813.0
1;1814.4
1;1816.4
1;1818.2
1;1820.2
1;1822.2
1;1824.0
1;1826.0
1;1827.8
1;1828.8
1;1830.8
1;1832.6
1;1834.6
1;1836.6
1;1838.4
1;1840.4
1;1842.2
1;1844.2
1;1846.2
1;1848.0
1;1850.0
1;1851.8
1;1854.8
1;1856.6
1;1859.6
1;1863.4
1;1866.2
1;1868.2
1;1871.0
1;1874.0
1;1875.8
1;1877.8
1;1879.8
1;1882.6
1;1885.4
1;1889.4
1;1891.2
1;1894.2
1;1897.0
1;1899.0
1;1902.8
1;1906.6
1;1910.4
1;1914.2
1;1918.2
1;1922.0
1;1925.8
1;1929.6
1;1935.4
1;1939.2
1;1947.0
1;1954.6
1;1966.2
1;1973.8
-1;1996.8
-1;2012.2
-1;2027.6
-1;2031.4
-1;2037.2
-1;2043.0
-1;2046.8
-1;2050.6
-1;2054.4
-1;2058.2
-1;2062.2
-1;2066.0
-1;2069.8
-1;2073.6
-1;2075.6
-1;2078.4
-1;2081.4
-1;2087.0
-1;2090.0
-1;2092.8
-1;2094.8
-1;2097.6
-1;2100.6
-1;2102.4
-1;2105.4
-1;2107.2
-1;2109.2
-1;2112.0
-1;2114.0
-1;2115.8
-1;2117.8
-1;2120.6
-1;2124.6
-1;2126.4
-1;2128.4
-1;2130.2
-1;2132.2
-1;2135.0
-1;2137.0
-1;2139.0
-1;2140.8
-1;2142.8
-1;2144.6
-1;2146.6
-1;2148.6
-1;2150.4
-1;2151.4
-1;2153.4
-1;2155.2
-1;2157.2
-1;2158.6
-1;2160.0
-1;2162.0
-1;2163.8
-1;2165.8
-1;2166.8
-1;2168.6
-1;2170.2
-1;2171.6
-1;2173.4
-1;2174.4
-1;2176.4
-1;2178.2
-1;2181.6
-1;2183.0
-1;2185.0
-1;2186.0
-1;2187.8
-1;2189.4
-1;2190.8
-1;2192.6
-1;2193.6
-1;2195.6
-1;2197.0
-1;2198.4
-1;2199.4
-1;2200.8
-1;2202.2
-1;2204.2
-1;2205.2
-1;2207.0
-1;2208.6
-1;2210.0
-1;2211.8
-1;2212.8
-1;2214.2
-1;2215.8
-1;2216.6
-1;2218.6
-1;2220.0
-1;2221.4
-1;2222.4
-1;2223.8
-1;2225.4
-1;2228.2
-1;2229.6
-1;2231.0
-1;2232.0
-1;2233.4
-1;2235.0
-1;2235.8
-1;2237.4
-1;2238.8
-1;2239.8
-1;2241.6
-1;2243.0
-1;2244.6
-1;2245.4
-1;2247.0
-1;2248.4
-1;2250.2
-1;2251.2
-1;2252.6
-1;2254.2
-1;2255.0
-1;2256.6
-1;2258.0
-1;2259.0
-1;2260.4
-1;2261.8
-1;2262.8
-1;2264.2
-1;2265.6
-1;2266.6
-1;2268.0
-1;2270.4
-1;2271.8
-1;2273.4
-1;2274.2
-1;2275.2
-1;2276.2
-1;2277.6
-1;2279.0
-1;2280.0
-1;2281.4
-1;2283.0
-1;2283.8
-1;2285.4
-1;2286.8
-1;2287.8
-1;2289.2
-1;2290.6
-1;2291.6
-1;2293.0
-1;2294.4
-1;2295.4
-1;2296.8
-1;2298.2
-1;2299.2
-1;2300.6
-1;2302.2
-1;2303.0
-1;2304.6
-1;2305.4
-1;2306.4
-1;2307.8
-1;2310.2
-1;2311.8
-1;2312.6
-1;2314.2
-1;2315.6
-1;2316.6
-1;2318.0
-1;2319.4
-1;2320.4
-1;2321.4
-1;2322.2
-1;2323.8
-1;2325.2
-1;2326.2
-1;2327.6
-1;2329.0
-1;2330.0
-1;2331.4
-1;2332.8
-1;2333.8
-1;2335.2
-1;2336.2
-1;2337.2
-1;2338.6
-1;2339.6
-1;2341.0
-1;2342.4
-1;2343.4
-1;2344.8
-1;2346.2
-1;2347.2
-1;2350.2
-1;2351.0
-1;2352.0
-1;2353.0
-1;2354.4
-1;2355.8
-1;2356.8
-1;2358.2
-1;2359.8
-1;2360.6
-1;2362.2
-1;2363.6
-1;2364.6
-1;2366.0
-1;2367.4
-1;2368.4
-1;2369.8
-1;2371.2
-1;2372.2
-1;2373.6
-1;2375.0
-1;2376.0
-1;2377.4
-1;2379.0
-1;2379.8
-1;2381.4
-1;2382.8
-1;2383.8
-1;2385.2
-1;2386.6
-1;2387.6
-1;2390.4
-1;2391.4
-1;2392.8
-1;2394.2
-1;2396.2
-1;2397.2
-1;2398.6
-1;2400.0
-1;2401.0
-1;2402.4
-1;2403.8
-1;2404.8
-1;2406.2
-1;2407.8
-1;2408.6
-1;2410.6
-1;2412.0
-1;2413.4
-1;2414.4
-1;2415.8
-1;2417.4
-1;2419.2
-1;2420.2
-1;2421.6
-1;2423.0
-1;2424.0
-1;2426.0
-1;2427.4
-1;2428.8
-1;2429.8
-1;2431.2
-1;2434.6
-1;2435.6
-1;2437.4
-1;2439.0
-1;2440.4
-1;2442.2
-1;2443.2
-1;2444.6
-1;2446.2
-1;2447.0
-1;2449.0
-1;2450.4
-1;2451.8
-1;2453.8
-1;2455.8
-1;2457.6
-1;2458.6
-1;2460.6
-1;2462.0
-1;2463.4
-1;2465.4
-1;2466.2
-1;2468.2
-1;2470.2
-1;2472.0
-1;2473.4
-1;2475.0
-1;2476.8
-1;2477.8
-1;2479.8
-1;2481.2
-1;2484.6
-1;2486.4
-1;2488.4
-1;2489.4
-1;2491.2
-1;2493.2
-1;2495.0
-1;2497.0
-1;2499.0
-1;2500.8
-1;2502.8
-1;2504.6
-1;2506.6
-1;2508.6
-1;2510.4
-1;2512.4
-1;2514.2
-1;2516.2
-1;2519.0
-1;2521.0
-1;2523.0
-1;2524.8
-1;2527.8
-1;2529.6
-1;2531.6
-1;2534.4
-1;2536.4
-1;2539.2
-1;2542.2
-1;2544.0
-1;2547.0
-1;2551.8
-1;2555.6
-1;2558.4
-1;2561.4
-1;2565.2
-1;2567.0
-1;2571.0
-1;2574.8
-1;2578.6
-1;2582.4
-1;2586.2
-1;2590.2
-1;2595.8
-1;2599.8
-1;2607.4
-1;2615.0
-1;2626.6
-1;2634.2
1;2657.4
1;2672.6
1;2680.4
1;2688.0
1;2695.8
1;2699.6
1;2705.4
1;2709.2
1;2713.0
1;2716.8
1;2720.6
1;2724.6
1;2728.4
1;2735.0
1;2738.0
1;2739.8
1;2742.8
1;2745.6
1;2747.6
1;2750.4
1;2753.4
1;2755.2
1;2758.2
1;2761.0
1;2763.0
1;2765.8
1;2767.8
1;2769.6
1;2772.6
1;2774.4
1;2776.4
1;2778.2
1;2781.2
1;2783.0
1;2785.0
1;2787.0
1;2788.8
1;2790.8
1;2792.6
1;2794.6
1;2796.6
1;2798.4
1;2800.4
1;2802.2
1;2806.2
1;2808.0
1;2810.0
1;2811.4
1;2812.8
1;2814.8
1;2816.6
1;2818.6
1;2819.6
1;2821.4
1;2823.4
1;2825.4
1;2826.8
1;2828.2
1;2830.2
1;2831.0
1;2833.0
1;2834.4
1;2835.8
1;2837.8
1;2838.8
1;2840.6
1;2842.2
1;2843.6
1;2845.4
1;2846.4
1;2848.4
1;2849.8
1;2851.2
1;2853.2
1;2854.2
1;2857.4
1;2859.0
1;2859.8
1;2861.4
1;2862.8
1;2864.6
1;2865.6
1;2867.0
1;2868.6
1;2869.4
1;2871.4
1;2872.8
1;2874.2
1;2875.2
1;2876.6
1;2878.2
1;2879.0
1;2880.6
1;2882.0
1;2883.0
1;2884.4
1;2885.8
1;2887.8
1;2888.6
1;2890.2
1;2891.6
1;2892.6
1;2894.0
1;2895.4
1;2896.4
1;2897.8
1;2900.2
1;2902.2
1;2903.6
1;2905.0
1;2906.0
1;2907.4
1;2908.8
1;2909.8
1;2911.2
1;2912.6
1;2913.6
1;2915.0
1;2916.6
1;2918.4
1;2919.4
1;2920.8
1;2922.2
1;2923.2
1;2924.6
1;2926.2
1;2927.0
1;2928.6
1;2930.0
1;2931.0
1;2932.4
1;2933.8
1;2934.8
1;2936.2
1;2937.6
1;2938.6
1;2940.0
1;2942.4
1;2943.8
1;2945.4
1;2946.2
1;2947.8
1;2949.2
1;2950.2
1;2951.6
1;2953.0
1;2954.0
1;2955.4
1;2956.8
1;2957.8
1;2959.2
1;2960.6
1;2961.6
1;2963.0
1;2964.6
1;2965.4
1;2967.0
1;2968.4
1;2969.4
1;2970.8
1;2972.2
1;2973.2
1;2974.6
1;2976.0
1;2977.0
1;2978.4
1;2979.8
1;2980.8
1;2983.8
1;2984.6
1;2986.2
1;2987.6
1;2988.6
1;2990.0
1;2991.4
1;2992.4
1;2993.8
1;2995.2
1;2996.2
1;2997.6
1;2999.0
1;3000.0
1;3001.4
1;3003.8
1;3005.4
1;3006.8
1;3007.8
1;3009.2
1;3010.6
1;3011.6
1;3013.0
1;3014.4
1;3015.4
1;3016.8
1;3018.2
1;3019.2
1;3020.6
1;3022.2
1;3025.0
1;3026.4
1;3027.8
1;3028.8
1;3030.2
1;3031.8
1;3032.6
1;3034.2
1;3035.6
1;3036.6
1;3038.0
1;3039.4
1;3041.4
1;3042.2
1;3043.8
1;3045.2
1;3046.2
1;3047.6
1;3049.0
1;3050.0
1;3051.4
1;3052.8
1;3053.8
1;3055.8
1;3057.2
1;3058.6
1;3059.6
1;3061.0
1;3062.4
1;3064.4
1;3065.4
1;3068.6
1;3070.2
1;3072.0
1;3073.0
1;3074.4
1;3075.8
1;3076.8
1;3078.8
1;3080.2
1;3081.6
1;3083.6
1;3084.6
1;3086.4
1;3087.8
1;3089.4
1;3091.2
1;3092.2
1;3094.2
1;3095.6
1;3097.0
1;3099.0
1;3099.8
1;3101.8
1;3103.2
1;3104.6
1;3106.6
1;3107.6
1;3109.4
1;3111.0
1;3112.4
1;3114.2
1;3118.2
1;3119.0
1;3121.0
1;3123.0
1;3124.8
1;3126.2
1;3127.8
1;3129.6
1;3131.6
1;3133.4
1;3134.4
1;3136.4
1;3138.2
1;3140.2
1;3142.2
1;3144.0
1;3146.0
1;3148.8
1;3150.8
1;3152.6
1;3154.6
1;3156.6
1;3158.4
1;3160.4
1;3162.2
1;3165.2
1;3167.0
1;3169.0
1;3171.8
1;3173.8
1;3175.8
1;3180.6
1;3183.4
1;3185.4
1;3188.2
1;3191.0
1;3193.0
1;3195.8
1;3198.8
1;3200.6
1;3203.6
1;3206.4
1;3210.2
1;3212.2
1;3216.0
1;3219.8
1;3225.6
1;3229.4
1;3233.4
1;3237.2
1;3243.0
1;3248.6
1;3256.4
1;3264.0
1;3271.8
1;3287.0
-1;3317.8
-1;3325.4
-1;3333.2
-1;3340.8
-1;3348.6
-1;3352.4
-1;3360.0
-1;3363.8
-1;3365.8
-1;3369.6
-1;3372.6
-1;3375.4
-1;3379.2
-1;3381.2
-1;3385.0
-1;3387.8
-1;3390.8
-1;3394.6
-1;3396.6
-1;3399.4
-1;3402.2
-1;3404.2
-1;3407.0
-1;3410.0
-1;3411.8
-1;3413.8
-1;3415.8
-1;3418.6
-1;3420.6
-1;3422.4
-1;3425.4
-1;3427.2
-1;3429.2
-1;3431.0
-1;3434.0
-1;3435.8
-1;3437.8
-1;3442.6
-1;3444.6
-1;3446.4
-1;3448.4
-1;3450.2
-1;3452.2
-1;3454.2
-1;3456.0
-1;3457.0
-1;3459.0
-1;3460.8
-1;3462.8
-1;3464.2
-1;3465.6
-1;3467.6
-1;3469.4
-1;3471.4
-1;3472.4
-1;3474.2
-1;3475.8
-1;3477.2
-1;3479.0
-1;3480.0
-1;3482.0
-1;3483.8
-1;3485.8
-1;3487.2
-1;3488.6
-1;3490.6
-1;3491.6
-1;3493.4
-1;3496.4
-1;3498.2
-1;3499.2
-1;3501.2
-1;3502.6
-1;3504.0
-1;3505.0
-1;3506.4
-1;3507.8
-1;3509.8
-1;3510.8
-1;3512.6
-1;3514.2
-1;3515.6
-1;3517.4
-1;3518.4
-1;3519.8
-1;3521.4
-1;3522.2
-1;3524.2
-1;3525.6
-1;3527.0
-1;3528.0
-1;3529.4
-1;3531.0
-1;3532.8
-1;3533.8
-1;3535.2
-1;3536.6
-1;3537.6
-1;3539.6
-1;3542.4
-1;3543.4
-1;3544.8
-1;3546.2
-1;3548.2
-1;3549.2
-1;3550.6
-1;3552.0
-1;3553.0
-1;3554.4
-1;3555.8
-1;3556.8
-1;3558.2
-1;3559.8
-1;3560.6
-1;3562.2
-1;3563.6
-1;3564.6
-1;3566.0
-1;3567.4
-1;3568.4
-1;3569.8
-1;3571.2
-1;3572.2
-1;3573.6
-1;3575.0
-1;3576.0
-1;3577.4
-1;3579.0
-1;3579.8
-1;3581.4
-1;3583.8
-1;3585.2
-1;3586.6
-1;3587.6
-1;3589.0
-1;3590.4
-1;3591.4
-1;3592.8
-1;3594.2
-1;3595.2
-1;3596.2
-1;3597.2
-1;3598.6
-1;3600.0
-1;3601.0
-1;3602.4
-1;3603.8
-1;3604.8
-1;3606.2
-1;3607.8
-1;3608.6
-1;3610.2
-1;3611.6
-1;3612.6
-1;3614.0
-1;3615.4
-1;3616.4
-1;3617.8
-1;3619.2
-1;3620.2
-1;3621.6
-1;3624.0
-1;3625.4
-1;3626.4
-1;3627.4
-1;3628.8
-1;3629.8
-1;3631.2
-1;3632.6
-1;3633.6
-1;3635.0
-1;3636.6
-1;3637.4
-1;3639.0
-1;3640.4
-1;3641.4
-1;3642.2
-1;3643.2
-1;3644.6
-1;3646.2
-1;3647.0
-1;3648.6
-1;3650.0
-1;3651.0
-1;3652.4
-1;3653.8
-1;3654.8
-1;3656.2
-1;3657.2
-1;3658.2
-1;3659.6
-1;3660.6
-1;3663.4
-1;3664.4
-1;3665.8
-1;3667.2
-1;3668.2
-1;3669.6
-1;3671.0
-1;3672.0
-1;3673.4
-1;3675.0
-1;3675.8
-1;3677.4
-1;3678.8
-1;3679.8
-1;3681.2
-1;3682.6
-1;3683.6
-1;3685.0
-1;3686.4
-1;3687.4
-1;3688.8
-1;3690.2
-1;3691.2
-1;3692.6
-1;3694.2
-1;3695.0
-1;3696.6
-1;3698.0
-1;3699.0
-1;3700.8
-1;3702.2
-1;3704.6
-1;3706.2
-1;3707.6
-1;3708.6
-1;3710.0
-1;3711.4
-1;3712.4
-1;3713.8
-1;3715.2
-1;3717.2
-1;3718.2
-1;3719.6
-1;3721.0
-1;3722.0
-1;3723.8
-1;3725.4
-1;3726.8
-1;3728.6
-1;3729.6
-1;3731.6
-1;3733.0
-1;3734.4
-1;3735.4
-1;3736.8
-1;3738.2
-1;3740.2
-1;3741.2
-1;3742.6
-1;3744.0
-1;3745.0
-1;3747.0
-1;3749.8
-1;3750.8
-1;3752.2
-1;3753.6
-1;3755.6
-1;3756.6
-1;3758.4
-1;3759.8
-1;3761.4
-1;3763.2
-1;3764.2
-1;3766.2
-1;3767.6
-1;3769.0
-1;3771.0
-1;3771.8
-1;3773.8
-1;3775.8
-1;3777.6
-1;3779.0
-1;3780.6
-1;3782.4
-1;3783.4
-1;3785.4
-1;3786.8
-1;3788.2
-1;3790.2
-1;3792.0
-1;3794.0
-1;3795.0
-1;3796.8
-1;3800.6
-1;3802.6
-1;3804.6
-1;3806.4
-1;3809.4
-1;3811.2
-1;3813.2
-1;3815.0
-1;3817.0
-1;3819.0
-1;3820.8
-1;3822.8
-1;3825.6
-1;3827.6
-1;3829.4
-1;3832.4
-1;3834.2
-1;3836.2
-1;3838.2
-1;3841.0
-1;3843.8
-1;3845.8
-1;3848.6
-1;3851.6
-1;3853.4
-1;3856.4
-1;3859.2
-1;3861.2
-1;3864.0
-1;3867.0
-1;3870.8
-1;3876.6
-1;3880.4
-1;3884.2
-1;3888.0
-1;3891.8
-1;3895.8
-1;3901.4
-1;3905.4
-1;3913.0
-1;3918.8
-1;3924.6
-1;3939.8
1;3963.0
1;3978.2
1;3986.0
1;3993.6
1;4001.4
1;4005.2
1;4011.0
1;4014.8
1;4018.6
1;4022.4
1;4026.2
1;4030.2
1;4034.0
1;4037.8
1;4040.6
1;4043.6
1;4045.4
1;4048.4
1;4051.2
1;4057.0
1;4059.0
1;4060.8
1;4063.8
1;4066.6
1;4068.6
1;4071.4
1;4073.4
1;4075.2
1;4078.2
1;4080.0
1;4082.0
1;4083.8
1;4086.8
1;4088.6
1;4092.6
1;4094.4
1;4096.4
1;4098.2
1;4100.2
1;4102.2
1;4104.0
1;4106.0
1;4107.8
1;4109.8
1;4111.8
1;4113.6
1;4115.6
1;4117.0
1;4118.4
1;4122.2
1;4124.2
1;4125.2
1;4127.0
1;4129.0
1;4131.0
1;4132.4
1;4133.8
1;4135.8
1;4136.6
1;4138.6
1;4140.0
1;4141.4
1;4143.4
1;4144.4
1;4146.2
1;4147.8
1;4149.2
1;4151.0
1;4152.0
1;4154.0
1;4155.4
1;4156.8
1;4158.8
1;4159.8
1;4161.6
1;4163.0
1;4164.6
1;4165.4
1;4167.0
1;4168.4
1;4171.2
1;4173.2
1;4174.6
1;4176.0
1;4178.0
1;4179.0
1;4180.4
1;4181.8
1;4182.8
1;4184.6
1;4186.2
1;4187.6
1;4188.6
1;4190.0
1;4191.4
1;4193.4
1;4194.2
1;4195.8
1;4197.2
1;4198.2
1;4199.6
1;4201.0
1;4202.0
1;4203.4
1;4204.8
1;4205.8
1;4207.8
1;4209.2
1;4210.6
1;4211.6
1;4213.0
1;4215.4
1;4216.8
1;4218.2
1;4219.2
1;4220.6
1;4222.2
1;4224.0
1;4225.0
1;4226.4
1;4227.8
1;4228.8
1;4230.2
1;4231.8
1;4232.6
1;4234.2
1;4235.6
1;4236.6
1;4238.0
1;4239.4
1;4240.4
1;4241.8
1;4243.2
1;4244.2
1;4245.6
1;4247.0
1;4248.0
1;4249.4
1;4251.0
1;4251.8
1;4253.4
1;4254.8
1;4257.2
1;4258.6
1;4259.6
1;4261.0
1;4262.4
1;4263.4
1;4264.8
1;4266.2
1;4267.2
1;4268.6
1;4270.2
1;4271.0
1;4272.6
1;4274.0
1;4275.0
1;4276.4
1;4277.8
1;4278.8
1;4280.2
1;4281.6
1;4282.6
1;4284.0
1;4285.4
1;4286.4
1;4287.8
1;4289.4
1;4290.2
1;4291.8
1;4293.2
1;4294.2
1;4295.6
1;4298.0
1;4299.4
1;4300.8
1;4301.8
1;4302.8
1;4303.8
1;4305.2
1;4306.6
1;4307.6
1;4309.0
1;4310.4
1;4311.4
1;4312.8
1;4314.2
1;4316.2
1;4317.2
1;4318.6
1;4320.0
1;4321.0
1;4322.4
1;4323.8
1;4324.8
1;4326.2
1;4327.8
1;4328.6
1;4330.2
1;4331.6
1;4332.6
1;4334.0
1;4335.4
1;4336.4
1;4339.2
1;4340.2
1;4341.6
1;4343.0
1;4344.0
1;4346.0
1;4347.4
1;4348.8
1;4349.8
1;4351.2
1;4352.6
1;4353.6
1;4355.0
1;4356.6
1;4358.4
1;4359.4
1;4361.4
1;4362.8
1;4364.2
1;4365.2
1;4366.6
1;4368.0
1;4370.0
1;4371.0
1;4372.4
1;4373.8
1;4374.8
1;4376.6
1;4378.2
1;4379.6
1;4380.6
1;4383.4
1;4385.4
1;4386.2
1;4388.2
1;4389.6
1;4391.0
1;4393.0
1;4394.0
1;4395.4
1;4396.8
1;4397.8
1;4399.8
1;4401.2
1;4402.6
1;4404.6
1;4406.4
1;4408.4
1;4409.4
1;4411.2
1;4412.6
1;4414.2
1;4416.0
1;4417.0
1;4419.0
1;4420.8
1;4422.8
1;4424.2
1;4425.6
1;4427.6
1;4428.6
1;4430.4
1;4434.2
1;4436.2
1;4438.2
1;4439.6
1;4441.0
1;4443.0
1;4444.8
1;4446.8
1;4448.6
1;4450.6
1;4452.6
1;4454.4
1;4456.4
1;4458.2
1;4460.2
1;4462.2
1;4464.0
1;4466.0
1;4467.8
1;4470.8
1;4472.6
1;4474.6
1;4477.4
1;4479.4
1;4482.2
1;4485.2
1;4487.0
1;4489.0
1;4491.0
1;4493.8
1;4496.6
1;4501.4
1;4504.4
1;4506.2
1;4509.2
1;4512.0
1;4515.8
1;4517.8
1;4521.6
1;4525.4
1;4529.4
1;4533.2
1;4537.0
1;4540.8
1;4546.6
1;4550.4
1;4556.2
1;4562.0
1;4565.8
1;4573.4
1;4581.2
1;4592.6
-1;4623.4
-1;4631.0
-1;4642.6
-1;4648.4
-1;4654.2
-1;4658.0
-1;4663.8
-1;4669.4
-1;4673.4
-1;4677.2
-1;4684.8
-1;4686.8
-1;4689.6
-1;4692.6
-1;4694.4
-1;4697.4
-1;4700.2
-1;4702.2
-1;4705.0
-1;4707.8
-1;4709.8
-1;4712.6
-1;4715.6
-1;4717.4
-1;4720.4
-1;4723.2
-1;4725.2
-1;4727.0
-1;4729.0
-1;4731.8
-1;4733.8
-1;4735.8
-1;4738.6
-1;4740.6
-1;4742.4
-1;4744.4
-1;4747.2
-1;4749.2
-1;4751.0
-1;4753.0
-1;4755.0
-1;4758.8
-1;4760.6
-1;4762.2
-1;4763.6
-1;4765.4
-1;4767.4
-1;4769.4
-1;4770.2
-1;4772.2
-1;4774.2
-1;4776.0
-1;4777.4
-1;4779.0
-1;4780.8
-1;4781.8
-1;4783.8
-1;4785.2
-1;4786.6
-1;4788.6
-1;4790.4
-1;4792.4
-1;4793.4
-1;4795.2
-1;4796.6
-1;4798.2
-1;4800.0
-1;4801.0
-1;4803.0
-1;4804.4
-1;4805.8
-1;4807.8
-1;4810.2
-1;4811.6
-1;4812.6
-1;4814.4
-1;4815.8
-1;4817.4
-1;4819.2
-1;4820.2
-1;4822.2
-1;4823.6
-1;4825.0
-1;4826.0
-1;4827.4
-1;4828.8
-1;4830.8
-1;4831.8
-1;4833.2
-1;4834.6
-1;4835.6
-1;4837.4
-1;4839.0
-1;4840.4
-1;4841.4
-1;4842.8
-1;4844.2
-1;4845.2
-1;4846.6
-1;4848.0
-1;4849.0
-1;4850.4
-1;4851.8
-1;4854.8
-1;4856.2
-1;4857.6
-1;4858.6
-1;4860.0
-1;4861.4
-1;4862.4
-1;4863.8
-1;4865.4
-1;4866.2
-1;4867.8
-1;4869.2
-1;4870.2
-1;4871.6
-1;4873.0
-1;4874.0
-1;4875.4
-1;4876.8
-1;4877.8
-1;4879.2
-1;4880.6
-1;4881.6
-1;4883.0
-1;4884.6
-1;4885.4
-1;4886.4
-1;4887.4
-1;4888.8
-1;4890.2
-1;4891.2
-1;4892.6
-1;4895.0
-1;4896.6
-1;4898.0
-1;4899.0
-1;4900.4
-1;4901.8
-1;4902.8
-1;4904.2
-1;4905.6
-1;4906.6
-1;4908.0
-1;4909.4
-1;4910.4
-1;4911.8
-1;4913.4
-1;4914.2
-1;4915.8
-1;4917.2
-1;4918.2
-1;4919.6
-1;4921.0
-1;4922.0
-1;4923.4
-1;4924.8
-1;4925.8
-1;4927.2
-1;4928.6
-1;4929.6
-1;4931.0
-1;4932.0
-1;4933.0
-1;4935.4
-1;4936.8
-1;4938.2
-1;4939.2
-1;4940.6
-1;4942.2
-1;4943.0
-1;4944.6
-1;4946.0
-1;4947.0
-1;4947.8
-1;4948.8
-1;4950.2
-1;4951.8
-1;4952.6
-1;4954.2
-1;4955.6
-1;4956.6
-1;4958.0
-1;4959.4
-1;4960.4
-1;4961.8
-1;4962.8
-1;4963.8
-1;4965.2
-1;4966.2
-1;4967.6
-1;4969.0
-1;4970.0
-1;4971.4
-1;4972.8
-1;4975.2
-1;4976.6
-1;4977.6
-1;4979.0
-1;4980.6
-1;4981.4
-1;4983.0
-1;4984.4
-1;4985.4
-1;4986.8
-1;4988.2
-1;4989.2
-1;4990.6
-1;4992.0
-1;4993.0
-1;4994.4
-1;4995.8
-1;4996.8
-1;4998.2
-1;4999.8
-1;5000.6
-1;5002.2
-1;5003.6
-1;5004.6
-1;5006.4
-1;5007.8
-1;5009.4
-1;5010.2
-1;5011.8
-1;5013.2
-1;5014.2
-1;5017.0
-1;5018.0
-1;5019.4
-1;5020.8
-1;5022.8
-1;5023.8
-1;5025.2
-1;5026.6
-1;5027.6
-1;5029.0
-1;5030.4
-1;5031.4
-1;5032.8
-1;5034.2
-1;5035.2
-1;5037.2
-1;5038.6
-1;5040.0
-1;5041.0
-1;5042.4
-1;5043.8
-1;5045.8
-1;5046.8
-1;5048.6
-1;5050.2
-1;5051.6
-1;5053.4
-1;5054.4
-1;5055.8
-1;5057.4
-1;5058.2
-1;5061.6
-1;5063.0
-1;5065.0
-1;5067.0
-1;5068.8
-1;5069.8
-1;5071.8
-1;5073.2
-1;5074.6
-1;5076.6
-1;5077.4
-1;5079.4
-1;5081.4
-1;5083.2
-1;5084.6
-1;5086.2
-1;5088.0
-1;5089.0
-1;5091.0
-1;5092.4
-1;5093.8
-1;5095.8
-1;5097.6
-1;5099.6
-1;5100.6
-1;5102.4
-1;5104.4
-1;5106.2
-1;5108.2
-1;5110.2
-1;5112.0
-1;5115.8
-1;5117.8
-1;5119.8
-1;5121.6
-1;5123.6
-1;5125.4
-1;5127.4
-1;5130.2
-1;5132.2
-1;5134.2
-1;5136.0
-1;5139.0
-1;5141.8
-1;5143.8
-1;5146.6
-1;5148.6
-1;5150.4
-1;5153.4
-1;5155.2
-1;5158.2
-1;5161.0
-1;5163.0
-1;5165.8
-1;5168.6
-1;5170.6
-1;5174.4
-1;5177.4
-1;5180.2
-1;5184.0
-1;5187.8
-1;5193.6
-1;5201.4
-1;5207.0
-1;5211.0
-1;5216.6
-1;5222.4
-1;5226.2
-1;5237.8
-1;5253.2
1;5283.8
1;5291.6
1;5299.2
1;5307.0
1;5310.8
1;5316.6
1;5320.4
1;5324.2
1;5328.0
1;5331.0
1;5333.8
1;5337.6
1;5341.4
1;5345.4
1;5347.2
1;5351.0
1;5354.0
1;5356.8
1;5360.6
1;5362.6
1;5365.4
1;5368.4
1;5370.2
1;5376.0
1;5378.0
1;5379.8
1;5381.8
1;5383.8
1;5385.6
1;5387.6
1;5389.4
1;5392.4
1;5394.2
1;5396.2
1;5398.2
1;5400.0
1;5402.0
1;5403.8
1;5405.8
1;5407.2
1;5408.6
1;5410.6
1;5412.6
1;5414.4
1;5416.4
1;5418.2
1;5420.2
1;5422.2
1;5423.0
1;5425.0
1;5427.0
1;5428.8
1;5430.8
1;5432.6
1;5436.6
1;5438.0
1;5439.4
1;5441.4
1;5442.2
1;5444.2
1;5445.6
1;5447.0
1;5449.0
1;5451.0
1;5452.8
1;5453.8
1;5455.8
1;5457.2
1;5458.6
1;5460.6
1;5461.4
1;5463.4
1;5464.8
1;5466.2
1;5468.2
1;5469.2
1;5470.6
1;5472.0
1;5473.0
1;5475.0
1;5476.4
1;5477.8
1;5479.8
1;5480.6
1;5482.6
1;5485.4
1;5486.4
1;5487.8
1;5489.4
1;5491.2
1;5492.2
1;5493.6
1;5495.0
1;5496.0
1;5498.0
1;5499.4
1;5500.8
1;5501.8
1;5503.2
1;5504.6
1;5505.6
1;5507.0
1;5508.6
1;5509.4
1;5511.0
1;5512.4
1;5514.2
1;5515.2
1;5516.6
1;5518.2
1;5519.0
1;5520.6
1;5522.0
1;5523.0
1;5524.4
1;5525.8
1;5528.6
1;5530.2
1;5531.6
1;5532.6
1;5534.0
1;5535.4
1;5536.4
1;5537.8
1;5539.2
1;5540.2
1;5541.6
1;5543.0
1;5544.0
1;5545.4
1;5547.0
1;5547.8
1;5549.4
1;5550.8
1;5551.8
1;5553.2
1;5554.6
1;5555.6
1;5557.0
1;5558.4
1;5559.4
1;5560.8
1;5562.2
1;5563.2
1;5564.6
1;5566.2
1;5567.0
1;5570.0
1;5571.0
1;5572.4
1;5573.8
1;5574.8
1;5576.2
1;5577.6
1;5578.6
1;5580.0
1;5581.4
1;5582.4
1;5583.8
1;5585.4
1;5586.2
1;5587.8
1;5589.2
1;5590.2
1;5591.6
1;5592.6
1;5593.4
1;5595.0
1;5595.8
1;5597.4
1;5598.8
1;5599.8
1;5601.2
1;5602.6
1;5603.6
1;5605.0
1;5606.4
1;5607.4
1;5610.2
1;5611.2
1;5612.6
1;5614.2
1;5615.0
1;5616.6
1;5618.0
1;5619.0
1;5620.4
1;5621.8
1;5622.8
1;5624.2
1;5625.6
1;5626.6
1;5628.0
1;5629.4
1;5630.4
1;5631.8
1;5633.4
1;5634.2
1;5635.8
1;5637.2
1;5638.2
1;5639.6
1;5641.0
1;5642.0
1;5643.4
1;5644.8
1;5645.8
1;5647.2
1;5648.6
1;5651.6
1;5653.0
1;5654.4
1;5655.4
1;5656.8
1;5658.2
1;5659.2
1;5660.6
1;5662.2
1;5663.0
1;5664.6
1;5666.0
1;5667.8
1;5668.8
1;5670.2
1;5671.8
1;5672.6
1;5674.6
1;5676.0
1;5677.4
1;5678.4
1;5679.8
1;5681.4
1;5683.2
1;5684.2
1;5685.6
1;5687.0
1;5688.0
1;5690.0
1;5691.4
1;5692.8
1;5695.8
1;5697.6
1;5699.0
1;5700.6
1;5701.4
1;5703.0
1;5704.4
1;5706.2
1;5707.2
1;5709.2
1;5711.0
1;5713.0
1;5714.4
1;5715.8
1;5717.8
1;5718.8
1;5720.6
1;5722.2
1;5723.6
1;5725.4
1;5727.4
1;5729.4
1;5730.2
1;5732.2
1;5734.2
1;5736.0
1;5737.4
1;5739.0
1;5740.8
1;5742.8
1;5744.6
1;5747.6
1;5749.4
1;5751.4
1;5753.4
1;5755.2
1;5757.2
1;5759.0
1;5761.0
1;5763.0
1;5764.8
1;5766.8
1;5768.6
1;5770.6
1;5772.6
1;5775.4
1;5777.4
1;5779.2
1;5781.2
1;5784.0
1;5786.0
1;5787.8
1;5790.8
1;5792.6
1;5795.6
1;5798.4
1;5800.4
1;5804.2
1;5807.0
1;5810.0
1;5811.8
1;5814.8
1;5821.4
1;5823.4
1;5827.2
1;5831.0
1;5835.0
1;5837.8
1;5840.6
1;5844.6
1;5848.4
1;5854.2
1;5859.8
1;5867.6
1;5875.2
1;5886.8
1;5898.2
-1;5929.0
-1;5936.6
-1;5944.4
-1;5948.2
-1;5954.0
-1;5959.8
-1;5963.6
-1;5969.4
-1;5973.2
-1;5977.0
-1;5980.8
-1;5984.6
-1;5988.6
-1;5991.4
-1;5994.2
-1;5998.2
-1;6003.8
-1;6006.8
-1;6009.6
-1;6011.6
-1;6014.4
-1;6017.4
-1;6019.2
-1;6022.2
-1;6024.0
-1;6026.0
-1;6028.8
-1;6030.8
-1;6033.6
-1;6036.6
-1;6038.4
-1;6040.4
-1;6042.2
-1;6044.2
-1;6046.2
-1;6048.0
-1;6050.0
-1;6052.8
-1;6054.8
-1;6056.6
-1;6058.6
-1;6060.6
-1;6062.4
-1;6064.4
-1;6066.2
-1;6067.8
-1;6069.2
-1;6073.0
-1;6075.0
-1;6075.8
-1;6077.8
-1;6079.8
-1;6081.6
-1;6083.0
-1;6084.6
-1;6086.4
-1;6088.4
-1;6090.2
-1;6091.2
-1;6093.2
-1;6095.0
-1;6097.0
-1;6099.8
-1;6101.8
-1;6102.8
-1;6104.6
-1;6106.2
-1;6107.6
-1;6109.4
-1;6110.4
-1;6112.4
-1;6113.8
-1;6115.2
-1;6116.2
-1;6117.6
-1;6119.0
-1;6121.0
-1;6123.8
-1;6125.4
-1;6126.8
-1;6128.6
-1;6129.6
-1;6131.0
-1;6132.6
-1;6133.4
-1;6135.4
-1;6136.8
-1;6138.2
-1;6139.2
-1;6140.6
-1;6142.2
-1;6144.0
-1;6145.0
-1;6146.4
-1;6147.8
-1;6148.8
-1;6150.8
-1;6152.2
-1;6153.6
-1;6154.6
-1;6156.0
-1;6157.4
-1;6159.4
-1;6160.4
-1;6161.8
-1;6163.2
-1;6164.2
-1;6165.6
-1;6168.0
-1;6169.4
-1;6171.0
-1;6171.8
-1;6173.4
-1;6174.8
-1;6175.8
-1;6177.2
-1;6178.6
-1;6179.6
-1;6181.0
-1;6182.4
-1;6183.4
-1;6184.8
-1;6186.2
-1;6187.2
-1;6188.6
-1;6190.2
-1;6191.0
-1;6192.6
-1;6194.0
-1;6195.0
-1;6196.4
-1;6197.8
-1;6198.8
-1;6200.2
-1;6201.6
-1;6202.6
-1;6204.0
-1;6205.4
-1;6206.4
-1;6208.4
-1;6209.8
-1;6211.2
-1;6212.2
-1;6213.6
-1;6215.0
-1;6216.0
-1;6217.4
-1;6219.0
-1;6219.8
-1;6221.4
-1;6222.2
-1;6223.2
-1;6224.6
-1;6225.6
-1;6227.0
-1;6228.6
-1;6229.4
-1;6231.0
-1;6232.4
-1;6233.4
-1;6234.8
-1;6236.2
-1;6237.2
-1;6238.6
-1;6240.0
-1;6241.0
-1;6242.4
-1;6243.8
-1;6244.8
-1;6246.2
-1;6248.6
-1;6250.2
-1;6251.6
-1;6252.6
-1;6254.0
-1;6255.4
-1;6256.4
-1;6257.8
-1;6259.2
-1;6260.2
-1;6261.6
-1;6263.0
-1;6264.0
-1;6265.4
-1;6267.0
-1;6267.8
-1;6268.8
-1;6269.8
-1;6271.2
-1;6272.6
-1;6273.6
-1;6275.0
-1;6276.6
-1;6277.4
-1;6279.0
-1;6280.4
-1;6281.4
-1;6282.8
-1;6283.8
-1;6284.6
-1;6286.2
-1;6288.6
-1;6290.0
-1;6291.0
-1;6292.4
-1;6293.8
-1;6294.8
-1;6296.2
-1;6297.6
-1;6298.6
-1;6300.0
-1;6301.4
-1;6302.4
-1;6303.8
-1;6305.4
-1;6306.2
-1;6307.8
-1;6309.2
-1;6310.2
-1;6312.0
-1;6313.4
-1;6315.0
-1;6315.8
-1;6317.4
-1;6318.8
-1;6319.8
-1;6321.2
-1;6322.6
-1;6323.6
-1;6325.0
-1;6326.4
-1;6328.4
-1;6330.8
-1;6332.2
-1;6333.2
-1;6334.6
-1;6336.0
-1;6337.0
-1;6338.4
-1;6339.8
-1;6340.8
-1;6342.8
-1;6344.2
-1;6345.6
-1;6346.6
-1;6348.0
-1;6349.4
-1;6351.4
-1;6352.4
-1;6354.2
-1;6355.8
-1;6357.2
-1;6359.0
-1;6360.0
-1;6361.4
-1;6363.0
-1;6363.8
-1;6365.8
-1;6367.2
-1;6368.6
-1;6370.6
-1;6371.6
-1;6373.4
-1;6376.4
-1;6378.2
-1;6379.2
-1;6381.2
-1;6382.6
-1;6384.0
-1;6386.0
-1;6387.8
-1;6389.8
-1;6390.8
-1;6392.6
-1;6394.2
-1;6395.6
-1;6397.4
-1;6398.4
-1;6400.4
-1;6402.2
-1;6404.2
-1;6405.6
-1;6407.0
-1;6409.0
-1;6411.0
-1;6412.8
-1;6414.8
-1;6416.6
-1;6418.6
-1;6421.4
-1;6423.4
-1;6425.4
-1;6427.2
-1;6429.2
-1;6433.0
-1;6435.8
-1;6437.8
-1;6439.8
-1;6441.6
-1;6444.6
-1;6447.4
-1;6449.4
-1;6452.2
-1;6454.2
-1;6456.0
-1;6459.0
-1;6460.8
-1;6463.8
-1;6466.6
-1;6468.6
-1;6471.4
-1;6474.2
-1;6476.2
-1;6480.0
-1;6483.0
-1;6485.8
-1;6489.6
-1;6493.4
-1;6497.4
-1;6501.2
-1;6505.0
-1;6508.8
-1;6514.6
-1;6520.4
-1;6524.2
-1;6539.6
-1;6547.2
-1;6558.8
1;6581.8
1;6593.4
1;6601.0
1;6606.8
1;6612.6
1;6616.4
1;6622.2
1;6627.8
1;6631.8
1;6637.4
1;6641.4
1;6644.2
1;6647.0
1;6651.0
1;6652.8
1;6655.8
1;6658.6
1;6660.6
1;6664.4
1;6667.2
1;6670.2
1;6672.0
1;6675.0
1;6677.8
1;6679.8
1;6682.6
1;6684.6
1;6686.4
1;6691.2
1;6693.2
1;6695.0
1;6698.0
1;6699.8
1;6701.8
1;6703.8
1;6705.6
1;6707.6
1;6709.4
1;6711.4
1;6713.4
1;6715.2
1;6717.2
1;6719.0
1;6721.0
1;6723.0
1;6724.8
1;6726.8
1;6728.2
1;6729.6
1;6731.6
1;6733.4
1;6735.4
1;6736.4
1;6738.2
1;6740.2
1;6742.2
1;6743.6
1;6745.0
1;6747.0
1;6750.8
1;6751.8
1;6753.6
1;6755.0
1;6756.6
1;6758.4
1;6759.4
1;6761.4
1;6762.8
1;6764.2
1;6766.2
1;6767.0
1;6769.0
1;6770.4
1;6771.8
1;6773.8
1;6774.8
1;6776.2
1;6777.6
1;6778.6
1;6780.6
1;6782.0
1;6783.4
1;6785.4
1;6786.2
1;6788.2
1;6789.6
1;6791.0
1;6792.0
1;6793.4
1;6795.0
1;6797.8
1;6799.2
1;6800.6
1;6801.6
1;6803.6
1;6805.0
1;6806.4
1;6807.4
1;6808.8
1;6810.2
1;6811.2
1;6812.6
1;6814.2
1;6815.0
1;6816.6
1;6818.0
1;6819.8
1;6820.8
1;6822.2
1;6823.8
1;6824.6
1;6826.2
1;6827.6
1;6828.6
1;6830.0
1;6831.4
1;6832.4
1;6833.8
1;6835.2
1;6836.2
1;6837.6
1;6840.0
1;6841.4
1;6843.0
1;6843.8
1;6845.4
1;6846.8
1;6847.8
1;6849.2
1;6850.6
1;6851.6
1;6853.0
1;6854.4
1;6855.4
1;6856.8
1;6858.2
1;6859.2
1;6860.6
1;6862.2
1;6863.0
1;6864.6
1;6866.0
1;6867.0
1;6867.8
1;6868.8
1;6870.2
1;6871.8
1;6872.6
1;6874.2
1;6875.6
1;6876.6
1;6878.0
1;6880.4
1;6881.8
1;6882.8
1;6883.8
1;6885.2
1;6886.2
1;6887.6
1;6889.0
1;6890.0
1;6891.4
1;6892.8
1;6893.8
1;6895.2
1;6896.6
1;6897.6
1;6899.0
1;6900.6
1;6901.4
1;6903.0
1;6904.4
1;6905.4
1;6906.8
1;6908.2
1;6909.2
1;6910.6
1;6912.0
1;6913.0
1;6914.4
1;6915.8
1;6916.8
1;6918.2
1;6920.6
1;6922.2
1;6923.6
1;6924.6
1;6926.0
1;6927.4
1;6928.4
1;6929.8
1;6931.2
1;6932.2
1;6933.6
1;6935.0
1;6936.0
1;6937.4
1;6939.0
1;6939.8
1;6941.4
1;6942.8
1;6943.8
1;6945.2
1;6946.6
1;6947.6
1;6949.0
1;6950.4
1;6951.4
1;6952.8
1;6954.2
1;6955.2
1;6957.2
1;6958.6
1;6960.0
1;6962.4
1;6963.8
1;6965.8
1;6966.8
1;6968.2
1;6969.6
1;6970.6
1;6972.6
1;6974.0
1;6975.4
1;6976.4
1;6977.8
1;6979.2
1;6981.2
1;6982.2
1;6985.0
1;6986.0
1;6987.8
1;6989.4
1;6990.8
1;6991.8
1;6993.2
1;6994.6
1;6996.6
1;6997.4
1;6999.4
1;7000.8
1;7002.2
1;7004.2
1;7005.2
1;7008.0
1;7009.0
1;7011.0
1;7012.4
1;7013.8
1;7015.8
1;7016.6
1;7018.6
1;7020.0
1;7021.4
1;7023.4
1;7024.4
1;7026.2
1;7027.8
1;7029.2
1;7031.0
1;7033.0
1;7035.0
1;7035.8
1;7037.8
1;7039.8
1;7041.6
1;7043.0
1;7044.6
1;7046.4
1;7048.4
1;7050.2
1;7051.2
1;7053.2
1;7055.0
1;7057.0
1;7060.8
1;7062.8
1;7064.6
1;7066.6
1;7068.6
1;7070.4
1;7072.4
1;7074.2
1;7076.2
1;7078.2
1;7081.0
1;7083.0
1;7084.8
1;7086.8
1;7089.6
1;7092.6
1;7094.4
1;7097.4
1;7099.2
1;7101.2
1;7104.0
1;7106.0
1;7108.8
1;7111.8
1;7113.6
1;7117.4
1;7120.4
1;7123.2
1;7127.0
1;7129.0
1;7132.8
1;7140.6
1;7143.4
1;7146.2
1;7150.2
1;7154.0
1;7159.8
1;7165.4
1;7169.4
1;7175.0
1;7180.8
1;7192.4
1;7203.8
-1;7234.6
-1;7246.2
-1;7253.8
-1;7261.4
-1;7267.2
-1;7271.0
-1;7275.0
-1;7278.8
-1;7281.6
-1;7284.6
-1;7288.4
-1;7292.2
-1;7296.0
-1;7298.0
-1;7301.8
-1;7304.6
-1;7307.6
-1;7311.4
-1;7313.4
-1;7319.0
-1;7321.0
-1;7323.8
-1;7326.8
-1;7328.6
-1;7330.6
-1;7332.6
-1;7335.4
-1;7338.2
-1;7340.2
-1;7343.0
-1;7345.0
-1;7347.0
-1;7348.8
-1;7350.8
-1;7352.6
-1;7354.6
-1;7356.6
-1;7358.4
-1;7360.4
-1;7362.2
-1;7364.2
-1;7366.2
-1;7368.0
-1;7370.0
-1;7371.8
-1;7373.4
-1;7374.8
-1;7376.6
-1;7378.6
-1;7380.6
-1;7384.4
-1;7386.2
-1;7388.2
-1;7389.2
-1;7391.0
-1;7392.6
-1;7394.0
-1;7395.8
-1;7396.8
-1;7398.8
-1;7400.6
-1;7402.6
-1;7404.0
-1;7405.4
-1;7407.4
-1;7408.4
-1;7410.2
-1;7411.8
-1;7413.2
-1;7415.0
-1;7416.0
-1;7418.0
-1;7419.4
-1;7420.8
-1;7421.8
-1;7423.2
-1;7424.6
-1;7426.6
-1;7427.6
-1;7429.4
-1;7431.0
-1;7434.2
-1;7435.2
-1;7436.6
-1;7438.2
-1;7439.0
-1;7441.0
-1;7442.4
-1;7443.8
-1;7445.8
-1;7446.8
-1;7448.6
-1;7450.2
-1;7451.6
-1;7452.6
-1;7454.0
-1;7455.4
-1;7457.4
-1;7458.2
-1;7459.8
-1;7461.2
-1;7462.2
-1;7463.6
-1;7465.0
-1;7466.0
-1;7467.4
-1;7468.8
-1;7469.8
-1;7471.2
-1;7472.6
-1;7473.6
-1;7475.0
-1;7477.4
-1;7479.4
-1;7480.8
-1;7482.2
-1;7483.2
-1;7484.6
-1;7486.2
-1;7487.0
-1;7488.6
-1;7490.0
-1;7491.0
-1;7492.4
-1;7493.8
-1;7494.8
-1;7496.2
-1;7497.6
-1;7498.6
-1;7500.0
-1;7501.4
-1;7502.4
-1;7503.8
-1;7505.4
-1;7506.2
-1;7507.8
-1;7509.2
-1;7510.2
-1;7511.6
-1;7512.6
-1;7513.4
-1;7515.0
-1;7515.8
-1;7518.8
-1;7519.8
-1;7521.2
-1;7522.6
-1;7523.6
-1;7525.0
-1;7526.4
-1;7527.4
-1;7528.4
-1;7529.4
-1;7530.8
-1;7532.2
-1;7533.2
-1;7534.6
-1;7536.0
-1;7537.0
-1;7538.4
-1;7539.8
-1;7540.8
-1;7542.2
-1;7543.2
-1;7544.2
-1;7545.6
-1;7546.6
-1;7548.0
-1;7549.4
-1;7550.4
-1;7551.8
-1;7553.4
-1;7554.2
-1;7555.8
-1;7558.2
-1;7559.6
-1;7561.0
-1;7562.0
-1;7563.4
-1;7564.8
-1;7565.8
-1;7567.2
-1;7568.6
-1;7569.6
-1;7571.0
-1;7572.6
-1;7573.4
-1;7574.4
-1;7575.4
-1;7576.8
-1;7578.2
-1;7579.2
-1;7580.6
-1;7582.2
-1;7583.0
-1;7584.6
-1;7586.0
-1;7587.0
-1;7588.4
-1;7589.8
-1;7590.8
-1;7592.2
-1;7593.6
-1;7594.6
-1;7596.0
-1;7598.4
-1;7599.8
-1;7601.4
-1;7602.2
-1;7603.8
-1;7605.2
-1;7606.2
-1;7607.6
-1;7609.0
-1;7610.0
-1;7611.4
-1;7612.8
-1;7613.8
-1;7615.2
-1;7616.6
-1;7618.6
-1;7619.6
-1;7621.0
-1;7622.4
-1;7623.4
-1;7624.8
-1;7626.2
-1;7627.2
-1;7628.6
-1;7630.2
-1;7631.0
-1;7633.0
-1;7634.4
-1;7635.8
-1;7636.8
-1;7638.2
-1;7641.6
-1;7642.6
-1;7644.0
-1;7645.4
-1;7646.4
-1;7648.4
-1;7649.8
-1;7651.2
-1;7652.2
-1;7653.6
-1;7655.0
-1;7657.0
-1;7658.0
-1;7659.4
-1;7660.8
-1;7661.8
-1;7663.8
-1;7665.2
-1;7666.6
-1;7667.6
-1;7669.0
-1;7670.4
-1;7672.4
-1;7673.4
-1;7675.2
-1;7676.6
-1;7678.2
-1;7680.0
-1;7681.0
-1;7683.0
-1;7684.4
-1;7687.8
-1;7688.6
-1;7690.6
-1;7692.0
-1;7693.4
-1;7695.4
-1;7696.4
-1;7698.2
-1;7700.2
-1;7702.2
-1;7703.6
-1;7705.0
-1;7707.0
-1;7708.8
-1;7710.8
-1;7711.8
-1;7713.6
-1;7715.6
-1;7717.4
-1;7719.4
-1;7721.4
-1;7723.2
-1;7725.2
-1;7727.0
-1;7729.0
-1;7731.0
-1;7732.8
-1;7734.8
-1;7736.6
-1;7738.6
-1;7741.4
-1;7745.4
-1;7747.2
-1;7749.2
-1;7751.0
-1;7753.0
-1;7755.0
-1;7757.8
-1;7759.8
-1;7761.6
-1;7764.6
-1;7766.4
-1;7770.2
-1;7773.2
-1;7776.0
-1;7779.8
-1;7781.8
-1;7785.6
-1;7788.6
-1;7791.4
-1;7795.2
-1;7797.2
-1;7801.0
-1;7803.8
-1;7806.8
-1;7810.6
-1;7814.4
-1;7820.2
-1;7826.0
-1;7829.8
-1;7837.4
-1;7849.0
1;7887.4
1;7899.0
1;7906.6
1;7912.4
1;7918.2
1;7925.8
1;7929.6
1;7933.4
1;7937.4
1;7941.2
1;7945.0
1;7948.8
1;7952.6
1;7956.6
1;7958.4
1;7962.2
1;7965.2
1;7968.0
1;7970.0
1;7972.8
1;7975.8
1;7977.6
1;7980.6
1;7983.4
1;7985.4
1;7988.2
1;7990.2
1;7992.0
1;7995.0
1;7996.8
1;7999.8
1;8004.6
1;8006.4
1;8008.4
1;8010.2
1;8012.2
1;8014.2
1;8016.0
1;8018.0
1;8019.0
1;8020.8
1;8022.8
1;8024.6
1;8026.6
1;8028.6
1;8030.4
1;8032.4
1;8033.8
1;8035.2
1;8037.2
1;8039.0
1;8041.0
1;8042.0
1;8043.8
1;8045.8
1;8047.8
1;8049.2
1;8050.6
1;8052.6
1;8054.4
1;8056.4
1;8057.4
1;8060.6
1;8062.2
1;8064.0
1;8065.0
1;8067.0
1;8068.4
1;8069.8
1;8071.8
1;8072.6
1;8074.6
1;8076.0
1;8077.4
1;8079.4
1;8080.4
1;8082.2
1;8085.2
1;8087.0
1;8088.0
1;8089.4
1;8091.0
1;8091.8
1;8093.8
1;8095.2
1;8096.6
1;8097.6
1;8099.0
1;8100.6
1;8102.4
1;8103.4
1;8104.8
1;8107.2
1;8109.2
1;8110.6
1;8112.0
1;8113.0
1;8114.4
1;8115.8
1;8116.8
1;8118.2
1;8119.8
1;8120.6
1;8122.2
1;8123.6
1;8125.4
1;8126.4
1;8127.8
1;8129.4
1;8130.2
1;8131.8
1;8133.2
1;8134.2
1;8135.6
1;8137.0
1;8138.0
1;8139.8
1;8141.4
1;8142.8
1;8143.8
1;8145.2
1;8146.6
1;8147.6
1;8150.4
1;8151.4
1;8152.8
1;8154.2
1;8155.2
1;8156.6
1;8158.2
1;8159.0
1;8160.6
1;8162.0
1;8163.0
1;8164.4
1;8165.8
1;8166.8
1;8168.2
1;8169.6
1;8170.6
1;8172.0
1;8173.0
1;8174.0
1;8175.4
1;8176.4
1;8177.8
1;8179.2
1;8180.2
1;8181.6
1;8183.0
1;8184.0
1;8185.4
1;8187.0
1;8187.8
1;8190.8
1;8191.8
1;8193.2
1;8194.6
1;8195.6
1;8197.0
1;8198.4
1;8199.4
1;8200.8
1;8202.2
1;8203.2
1;8204.6
1;8206.2
1;8207.0
1;8208.6
1;8210.0
1;8211.0
1;8212.4
1;8213.8
1;8214.8
1;8216.2
1;8217.6
1;8218.6
1;8220.0
1;8221.4
1;8222.4
1;8223.8
1;8225.4
1;8226.2
1;8227.8
1;8229.2
1;8231.6
1;8233.0
1;8234.0
1;8235.4
1;8236.8
1;8237.8
1;8239.2
1;8240.6
1;8241.6
1;8243.0
1;8244.6
1;8245.4
1;8247.4
1;8248.8
1;8250.2
1;8251.2
1;8252.6
1;8254.2
1;8255.0
1;8256.6
1;8258.0
1;8259.0
1;8260.4
1;8261.8
1;8263.8
1;8264.6
1;8266.2
1;8267.6
1;8268.6
1;8270.4
1;8271.8
1;8274.2
1;8275.8
1;8277.2
1;8279.0
1;8280.0
1;8281.4
1;8283.0
1;8283.8
1;8285.4
1;8286.8
1;8287.8
1;8289.2
1;8290.6
1;8291.6
1;8293.4
1;8295.0
1;8296.4
1;8297.4
1;8298.8
1;8300.2
1;8302.2
1;8303.0
1;8304.6
1;8306.0
1;8307.0
1;8308.8
1;8310.2
1;8311.8
1;8312.6
1;8314.2
1;8315.6
1;8318.4
1;8320.4
1;8321.8
1;8323.2
1;8325.2
1;8326.2
1;8328.0
1;8329.4
1;8331.0
1;8332.8
1;8333.8
1;8335.8
1;8337.6
1;8339.6
1;8341.0
1;8342.4
1;8344.4
1;8346.2
1;8348.2
1;8350.2
1;8352.0
1;8354.0
1;8355.8
1;8356.8
1;8358.8
1;8360.6
1;8362.6
1;8364.6
1;8366.4
1;8368.4
1;8370.2
1;8374.2
1;8376.0
1;8378.0
1;8379.8
1;8381.8
1;8383.8
1;8385.6
1;8387.6
1;8389.4
1;8391.4
1;8394.2
1;8396.2
1;8399.0
1;8402.0
1;8403.8
1;8405.8
1;8407.8
1;8410.6
1;8413.4
1;8415.4
1;8418.2
1;8421.2
1;8423.0
1;8426.0
1;8428.8
1;8432.6
1;8434.6
1;8438.4
1;8442.2
1;8446.2
1;8450.0
1;8457.6
1;8461.4
1;8465.4
1;8471.0
1;8475.0
1;8482.6
1;8490.2
1;8498.0
1;8509.4
-1;8544.0
-1;8551.8
-1;8559.4
-1;8567.0
-1;8572.8
-1;8578.6
-1;8582.4
-1;8588.2
-1;8592.0
-1;8595.8
-1;8599.8
-1;8602.6
-1;8605.4
-1;8609.4
-1;8611.2
-1;8615.0
-1;8618.0
-1;8620.8
-1;8622.8
-1;8625.6
-1;8628.6
-1;8630.4
-1;8635.2
-1;8637.2
-1;8640.0
-1;8642.0
-1;8643.8
-1;8645.8
-1;8648.6
-1;8650.6
-1;8652.6
-1;8655.4
-1;8657.4
-1;8659.2
-1;8661.2
-1;8664.0
-1;8666.0
-1;8667.8
-1;8669.8
-1;8671.8
-1;8673.6
-1;8675.6
-1;8677.4
-1;8679.0
-1;8680.4
-1;8682.2
-1;8684.2
-1;8686.2
-1;8687.0
-1;8689.0
-1;8691.0
-1;8692.8
-1;8694.2
-1;8697.6
-1;8699.6
-1;8701.4
-1;8702.4
-1;8704.4
-1;8706.2
-1;8708.2
-1;8709.6
-1;8711.0
-1;8713.0
-1;8714.0
-1;8715.8
-1;8717.4
-1;8718.8
-1;8720.6
-1;8721.6
-1;8723.6
-1;8725.0
-1;8726.4
-1;8727.4
-1;8728.8
-1;8730.2
-1;8732.2
-1;8733.2
-1;8735.0
-1;8736.6
-1;8738.0
-1;8739.8
-1;8740.8
-1;8742.8
-1;8744.2
-1;8747.6
-1;8748.6
-1;8750.0
-1;8751.4
-1;8752.4
-1;8754.2
-1;8755.8
-1;8757.2
-1;8758.2
-1;8759.6
-1;8761.0
-1;8763.0
-1;8763.8
-1;8765.4
-1;8766.8
-1;8767.8
-1;8769.6
-1;8771.0
-1;8772.6
-1;8773.4
-1;8775.0
-1;8776.4
-1;8777.4
-1;8778.8
-1;8780.2
-1;8781.2
-1;8782.6
-1;8784.0
-1;8785.0
-1;8786.4
-1;8787.8
-1;8790.2
-1;8791.8
-1;8792.6
-1;8794.2
-1;8795.6
-1;8796.6
-1;8798.0
-1;8799.4
-1;8800.4
-1;8801.8
-1;8803.2
-1;8804.2
-1;8805.6
-1;8807.0
-1;8808.0
-1;8809.4
-1;8811.0
-1;8811.8
-1;8813.4
-1;8814.8
-1;8815.8
-1;8817.2
-1;8818.2
-1;8819.0
-1;8820.6
-1;8821.4
-1;8823.0
-1;8824.4
-1;8825.4
-1;8826.8
-1;8828.2
-1;8830.6
-1;8832.0
-1;8833.0
-1;8834.0
-1;8835.0
-1;8836.4
-1;8837.8
-1;8838.8
-1;8840.2
-1;8841.6
-1;8842.6
-1;8844.0
-1;8845.4
-1;8846.4
-1;8847.8
-1;8848.8
-1;8849.8
-1;8851.2
-1;8852.2
-1;8853.6
-1;8855.0
-1;8856.0
-1;8857.4
-1;8859.0
-1;8859.8
-1;8861.4
-1;8862.8
-1;8863.8
-1;8864.6
-1;8865.6
-1;8867.0
-1;8869.4
-1;8871.0
-1;8872.4
-1;8873.4
-1;8874.8
-1;8876.2
-1;8877.2
-1;8878.6
-1;8880.0
-1;8881.0
-1;8882.4
-1;8883.8
-1;8884.8
-1;8886.2
-1;8887.8
-1;8888.6
-1;8890.2
-1;8891.6
-1;8892.6
-1;8894.0
-1;8895.0
-1;8895.8
-1;8897.4
-1;8898.2
-1;8899.8
-1;8901.2
-1;8902.2
-1;8903.6
-1;8905.0
-1;8906.0
-1;8907.4
-1;8909.8
-1;8911.2
-1;8912.6
-1;8913.6
-1;8915.0
-1;8916.6
-1;8917.4
-1;8919.0
-1;8920.4
-1;8921.4
-1;8923.2
-1;8924.6
-1;8926.2
-1;8927.0
-1;8928.6
-1;8930.0
-1;8931.0
-1;8932.4
-1;8933.8
-1;8934.8
-1;8936.2
-1;8937.6
-1;8939.6
-1;8940.6
-1;8942.0
-1;8943.4
-1;8944.4
-1;8946.2
-1;8947.8
-1;8949.2
-1;8950.2
-1;8953.0
-1;8955.0
-1;8955.8
-1;8957.4
-1;8958.8
-1;8959.8
-1;8961.6
-1;8963.0
-1;8964.6
-1;8965.4
-1;8967.0
-1;8968.4
-1;8970.2
-1;8971.2
-1;8972.6
-1;8974.2
-1;8975.0
-1;8977.0
-1;8978.4
-1;8979.8
-1;8981.8
-1;8982.8
-1;8984.6
-1;8986.2
-1;8987.6
-1;8989.4
-1;8990.4
-1;8992.4
-1;8993.8
-1;8995.2
-1;8997.2
-1;9001.0
-1;9002.0
-1;9003.8
-1;9005.8
-1;9007.8
-1;9009.2
-1;9010.6
-1;9012.6
-1;9014.4
-1;9016.4
-1;9017.4
-1;9019.2
-1;9021.2
-1;9023.0
-1;9025.0
-1;9027.0
-1;9028.8
-1;9030.8
-1;9032.2
-1;9033.6
-1;9035.6
-1;9037.4
-1;9039.4
-1;9041.4
-1;9043.2
-1;9045.2
-1;9048.0
-1;9050.0
-1;9051.8
-1;9054.8
-1;9056.6
-1;9062.4
-1;9064.4
-1;9066.2
-1;9068.2
-1;9071.0
-1;9074.0
-1;9075.8
-1;9078.8
-1;9081.6
-1;9083.6
-1;9086.4
-1;9089.4
-1;9093.2
-1;9095.0
-1;9099.0
-1;9102.8
-1;9106.6
-1;9109.4
-1;9112.4
-1;9116.2
-1;9120.0
-1;9125.8
-1;9131.6
-1;9135.4
-1;9143.0
-1;9150.8
-1;9162.2
1;9185.4
1;9204.6
1;9212.2
1;9219.8
1;9233.4
1;9237.2
1;9241.0
1;9244.8
1;9248.6
1;9252.6
1;9256.4
1;9260.2
1;9263.0
1;9266.0
1;9267.8
1;9270.8
1;9273.6
1;9277.4
1;9279.4
1;9282.2
1;9285.2
1;9287.0
1;9290.0
1;9292.8
1;9294.8
1;9296.6
1;9298.6
1;9301.4
1;9303.4
1;9305.4
1;9308.2
1;9310.2
1;9312.0
1;9314.0
1;9316.8
1;9320.6
1;9322.6
1;9324.6
1;9326.4
1;9328.4
1;9330.2
1;9332.2
1;9334.2
1;9336.0
1;9338.0
1;9339.4
1;9340.8
1;9342.8
1;9344.6
1;9346.6
1;9347.6
1;9349.4
1;9351.4
1;9353.4
1;9354.8
1;9356.2
1;9358.2
1;9359.0
1;9361.0
1;9362.4
1;9363.8
1;9365.8
1;9367.8
1;9369.6
1;9370.6
1;9372.6
1;9375.4
1;9377.4
1;9378.2
1;9380.2
1;9381.6
1;9383.0
1;9385.0
1;9386.0
1;9387.4
1;9388.8
1;9389.8
1;9391.8
1;9393.2
1;9394.6
1;9395.6
1;9397.0
1;9398.4
1;9400.4
1;9401.4
1;9402.8
1;9404.2
1;9405.2
1;9407.0
1;9408.6
1;9410.0
1;9411.0
1;9412.4
1;9413.8
1;9415.8
1;9416.6
1;9418.2
1;9420.6
1;9422.4
1;9423.8
1;9425.4
1;9426.2
1;9427.8
1;9429.2
1;9431.0
1;9432.0
1;9433.4
1;9435.0
1;9435.8
1;9437.4
1;9438.8
1;9439.8
1;9441.2
1;9442.6
1;9443.6
1;9445.0
1;9446.4
1;9447.4
1;9448.8
1;9450.2
1;9451.2
1;9452.6
1;9454.2
1;9455.0
1;9456.6
1;9458.0
1;9459.0
1;9460.4
1;9462.8
1;9464.2
1;9465.6
1;9466.6
1;9468.0
1;9469.4
1;9470.4
1;9471.8
1;9473.4
1;9474.2
1;9475.8
1;9477.2
1;9478.2
1;9479.6
1;9481.0
1;9482.0
1;9483.4
1;9484.8
1;9485.8
1;9487.2
1;9488.6
1;9489.6
1;9491.0
1;9492.6
1;9493.4
1;9494.4
1;9495.4
1;9496.8
1;9498.2
1;9499.2
1;9500.6
1;9503.0
1;9504.6
1;9506.0
1;9507.0
1;9508.4
1;9509.8
1;9510.8
1;9512.2
1;9513.6
1;9514.6
1;9516.0
1;9517.4
1;9518.4
1;9519.8
1;9521.4
1;9522.2
1;9523.8
1;9525.2
1;9526.2
1;9527.6
1;9529.0
1;9530.0
1;9531.4
1;9532.8
1;9533.8
1;9535.2
1;9536.6
1;9537.6
1;9539.0
1;9540.6
1;9541.4
1;9544.4
1;9545.4
1;9546.8
1;9548.2
1;9549.2
1;9550.6
1;9552.0
1;9554.0
1;9555.0
1;9556.4
1;9557.8
1;9558.8
1;9560.2
1;9561.6
1;9562.6
1;9564.0
1;9565.4
1;9566.4
1;9567.8
1;9569.4
1;9570.2
1;9571.8
1;9573.2
1;9574.2
1;9575.6
1;9577.0
1;9578.0
1;9579.4
1;9580.8
1;9581.8
1;9583.8
1;9586.6
1;9587.6
1;9589.0
1;9590.4
1;9591.4
1;9592.8
1;9594.2
1;9595.2
1;9596.6
1;9598.2
1;9600.0
1;9601.0
1;9602.4
1;9603.8
1;9604.8
1;9606.8
1;9608.2
1;9609.6
1;9611.6
1;9612.6
1;9614.4
1;9615.8
1;9617.4
1;9619.2
1;9620.2
1;9622.2
1;9623.6
1;9625.0
1;9627.0
1;9627.8
1;9629.8
1;9632.6
1;9634.6
1;9635.6
1;9637.4
1;9639.0
1;9640.4
1;9642.2
1;9644.2
1;9646.2
1;9647.0
1;9649.0
1;9651.0
1;9652.8
1;9654.2
1;9655.8
1;9657.6
1;9659.6
1;9661.4
1;9662.4
1;9664.4
1;9666.2
1;9668.2
1;9669.6
1;9671.0
1;9673.0
1;9675.0
1;9676.8
1;9678.8
1;9680.6
1;9682.6
1;9684.6
1;9688.4
1;9690.2
1;9693.2
1;9695.0
1;9697.0
1;9699.8
1;9701.8
1;9703.8
1;9705.6
1;9708.6
1;9710.4
1;9712.4
1;9715.2
1;9717.2
1;9721.0
1;9723.8
1;9726.8
1;9728.6
1;9731.6
1;9734.4
1;9738.2
1;9740.2
1;9744.0
1;9747.0
1;9749.8
1;9753.6
1;9755.6
1;9759.4
1;9763.2
1;9769.0
1;9772.8
1;9784.4
1;9788.2
1;9795.8
1;9803.6
1;9815.0
1;9830.4
-1;9849.6
-1;9861.2
-1;9868.8
-1;9876.6
-1;9880.4
-1;9884.2
-1;9888.0
-1;9893.8
-1;9897.6
-1;9901.4
-1;9905.4
-1;9908.2
-1;9911.0
-1;9915.0
-1;9916.8
-1;9920.6
-1;9923.6
-1;9926.4
-1;9928.4
-1;9931.2
-1;9934.2
-1;9936.0
-1;9939.0
-1;9940.8
-1;9942.8
-1;9947.6
-1;9950.4
-1;9953.4
-1;9955.2
-1;9957.2
-1;9959.0
-1;9962.0
-1;9963.8
-1;9965.8
-1;9968.6
-1;9970.6
-1;9972.6
-1;9974.4
-1;9976.4
-1;9978.2
-1;9980.2
-1;9982.2
-1;9984.0
-1;9985.0
-1;9987.0
-1;9988.8
-1;9990.8
-1;9992.6
-1;9994.6
-1;9996.6
-1;9998.4
-1;9999.8
-1;10001.4
-1;10003.2
-1;10005.2
-1;10007.0
-1;10010.0
-1;10011.8
-1;10013.8
-1;10015.2
-1;10016.6
-1;10018.6
-1;10019.6
-1;10021.4
-1;10023.0
-1;10024.4
-1;10026.2
-1;10027.2
-1;10029.2
-1;10030.6
-1;10032.0
-1;10034.0
-1;10035.0
-1;10036.8
-1;10038.2
-1;10039.8
-1;10040.6
-1;10042.2
-1;10043.6
-1;10045.4
-1;10046.4
-1;10047.8
-1;10049.4
-1;10050.2
-1;10052.2
-1;10053.6
-1;10055.0
-1;10057.4
-1;10059.0
-1;10060.8
-1;10061.8
-1;10063.2
-1;10064.6
-1;10065.6
-1;10067.6
-1;10069.0
-1;10070.4
-1;10071.4
-1;10072.8
-1;10074.2
-1;10076.2
-1;10077.2
-1;10080.0
-1;10081.0
-1;10082.4
-1;10083.8
-1;10084.8
-1;10086.2
-1;10087.8
-1;10088.6
-1;10090.6
-1;10092.0
-1;10093.4
-1;10094.4
-1;10095.8
-1;10097.4
-1;10098.2
-1;10101.2
-1;10102.2
-1;10103.6
-1;10105.0
-1;10106.0
-1;10107.4
-1;10108.8
-1;10109.8
-1;10111.2
-1;10112.6
-1;10113.6
-1;10115.0
-1;10116.6
-1;10117.4
-1;10119.0
-1;10120.4
-1;10121.4
-1;10122.8
-1;10123.8
-1;10124.6
-1;10126.2
-1;10127.0
-1;10128.6
-1;10130.0
-1;10131.0
-1;10132.4
-1;10133.8
-1;10134.8
-1;10136.2
-1;10137.6
-1;10138.6
-1;10140.6
-1;10142.0
-1;10143.4
-1;10144.4
-1;10145.8
-1;10147.2
-1;10148.2
-1;10149.6
-1;10151.0
-1;10152.0
-1;10153.4
-1;10154.4
-1;10155.4
-1;10156.8
-1;10157.8
-1;10159.2
-1;10160.6
-1;10161.6
-1;10163.0
-1;10164.6
-1;10165.4
-1;10167.0
-1;10168.4
-1;10169.4
-1;10170.8
-1;10172.2
-1;10173.2
-1;10174.6
-1;10176.0
-1;10177.0
-1;10178.4
-1;10180.8
-1;10182.2
-1;10183.8
-1;10184.6
-1;10185.6
-1;10186.6
-1;10188.0
-1;10189.4
-1;10190.4
-1;10191.8
-1;10193.4
-1;10194.2
-1;10195.8
-1;10197.2
-1;10198.2
-1;10199.6
-1;10201.0
-1;10202.0
-1;10203.4
-1;10204.8
-1;10205.8
-1;10207.2
-1;10208.6
-1;10209.6
-1;10211.0
-1;10212.6
-1;10213.4
-1;10215.0
-1;10216.4
-1;10217.4
-1;10218.8
-1;10221.2
-1;10222.6
-1;10224.0
-1;10225.0
-1;10226.4
-1;10227.8
-1;10229.8
-1;10230.8
-1;10232.2
-1;10233.6
-1;10234.6
-1;10236.0
-1;10237.4
-1;10238.4
-1;10239.8
-1;10241.4
-1;10242.2
-1;10244.2
-1;10245.6
-1;10247.0
-1;10248.0
-1;10249.4
-1;10251.0
-1;10251.8
-1;10253.4
-1;10254.8
-1;10255.8
-1;10257.2
-1;10258.6
-1;10260.6
-1;10261.4
-1;10264.4
-1;10265.4
-1;10267.2
-1;10268.6
-1;10270.2
-1;10271.0
-1;10272.6
-1;10274.0
-1;10275.8
-1;10276.8
-1;10278.2
-1;10279.8
-1;10280.6
-1;10282.6
-1;10284.0
-1;10285.4
-1;10287.4
-1;10288.4
-1;10290.2
-1;10291.8
-1;10293.2
-1;10295.0
-1;10296.0
-1;10298.0
-1;10299.4
-1;10300.8
-1;10302.8
-1;10304.6
-1;10306.6
-1;10307.6
-1;10309.4
-1;10312.4
-1;10314.2
-1;10315.2
-1;10317.2
-1;10319.0
-1;10321.0
-1;10322.4
-1;10323.8
-1;10325.8
-1;10327.8
-1;10329.6
-1;10331.6
-1;10333.4
-1;10335.4
-1;10337.4
-1;10339.2
-1;10341.2
-1;10343.0
-1;10345.0
-1;10347.0
-1;10348.8
-1;10350.8
-1;10353.6
-1;10355.6
-1;10357.4
-1;10359.4
-1;10361.4
-1;10363.2
-1;10365.2
-1;10368.0
-1;10370.0
-1;10375.8
-1;10377.6
-1;10380.6
-1;10383.4
-1;10385.4
-1;10388.2
-1;10391.0
-1;10393.0
-1;10396.8
-1;10399.8
-1;10402.6
-1;10406.4
-1;10408.4
-1;10412.2
-1;10416.0
-1;10419.8
-1;10423.8
-1;10429.4
-1;10433.4
-1;10437.2
-1;10441.0
-1;10448.6
-1;10456.4
-1;10464.0
-1;10475.6
1;10510.2
1;10517.8
1;10523.6
1;10529.4
1;10537.0
1;10540.8
1;10548.6
1;10554.2
1;10558.2
1;10562.0
1;10565.8
1;10568.6
1;10571.6
1;10573.4
1;10576.4
1;10579.2
1;10583.0
1;10585.0
1;10587.8
1;10590.8
1;10592.6
1;10595.6
1;10598.4
1;10600.4
1;10602.2
1;10604.2
1;10607.0
1;10609.0
1;10611.0
1;10613.8
1;10615.8
1;10617.6
1;10619.6
1;10621.4
1;10623.4
1;10625.4
1;10627.2
1;10632.0
1;10634.0
1;10635.8
1;10637.8
1;10639.8
1;10641.6
1;10643.6
1;10645.0
1;10646.4
1;10648.4
1;10650.2
1;10652.2
1;10653.2
1;10655.0
1;10657.0
1;10659.0
1;10660.4
1;10661.8
1;10663.8
1;10664.6
1;10666.6
1;10668.0
1;10669.4
1;10671.4
1;10673.4
1;10675.2
1;10676.2
1;10678.2
1;10679.6
1;10681.0
1;10683.0
1;10685.8
1;10687.2
1;10688.6
1;10690.6
1;10691.6
1;10693.0
1;10694.4
1;10695.4
1;10697.4
1;10698.8
1;10700.2
1;10702.2
1;10703.0
1;10705.0
1;10706.4
1;10707.8
1;10708.8
1;10710.2
1;10711.8
1;10713.6
1;10714.6
1;10716.0
1;10717.4
1;10718.4
1;10720.4
1;10721.8
1;10723.2
1;10724.2
1;10725.6
1;10727.0
1;10729.0
1;10731.4
1;10732.8
1;10733.8
1;10735.8
1;10737.2
1;10738.6
1;10739.6
1;10741.0
1;10742.4
1;10743.4
1;10744.8
1;10746.2
1;10747.2
1;10748.6
1;10750.2
1;10751.0
1;10752.6
1;10754.0
1;10755.0
1;10756.4
1;10757.8
1;10758.8
1;10760.2
1;10761.6
1;10762.6
1;10764.0
1;10765.4
1;10766.4
1;10767.8
1;10769.4
1;10770.2
1;10773.2
1;10774.2
1;10775.6
1;10777.0
1;10778.0
1;10779.4
1;10780.8
1;10781.8
1;10783.2
1;10784.2
1;10785.2
1;10786.6
1;10787.6
1;10789.0
1;10790.4
1;10791.4
1;10792.8
1;10794.2
1;10795.2
1;10796.6
1;10798.2
1;10799.0
1;10800.6
1;10802.0
1;10803.0
1;10804.4
1;10805.8
1;10806.8
1;10808.2
1;10809.6
1;10810.6
1;10813.4
1;10814.4
1;10815.4
1;10816.4
1;10817.8
1;10819.2
1;10820.2
1;10821.6
1;10823.0
1;10824.0
1;10825.4
1;10827.0
1;10827.8
1;10829.4
1;10830.2
1;10831.2
1;10832.6
1;10833.6
1;10835.0
1;10836.6
1;10837.4
1;10839.0
1;10840.4
1;10841.4
1;10842.8
1;10844.2
1;10845.2
1;10846.6
1;10848.0
1;10849.0
1;10850.4
1;10852.8
1;10854.2
1;10855.8
1;10856.6
1;10858.2
1;10859.6
1;10860.6
1;10862.0
1;10863.4
1;10864.4
1;10865.8
1;10867.2
1;10868.2
1;10869.6
1;10871.0
1;10872.0
1;10874.0
1;10875.4
1;10876.8
1;10877.8
1;10879.2
1;10880.6
1;10881.6
1;10883.0
1;10884.6
1;10885.4
1;10887.0
1;10888.4
1;10890.2
1;10891.2
1;10892.6
1;10895.0
1;10897.0
1;10898.4
1;10899.8
1;10900.8
1;10902.2
1;10903.8
1;10905.6
1;10906.6
1;10908.0
1;10909.4
1;10910.4
1;10912.4
1;10913.8
1;10915.2
1;10917.2
1;10918.2
1;10920.0
1;10921.4
1;10923.0
1;10923.8
1;10925.4
1;10926.8
1;10928.6
1;10929.6
1;10931.6
1;10933.0
1;10934.4
1;10936.4
1;10937.4
1;10939.2
1;10942.2
1;10944.0
1;10945.0
1;10947.0
1;10948.4
1;10949.8
1;10951.8
1;10952.6
1;10954.6
1;10956.0
1;10957.4
1;10959.4
1;10961.4
1;10963.2
1;10965.2
1;10968.0
1;10970.0
1;10971.8
1;10973.8
1;10975.8
1;10977.6
1;10979.6
1;10981.4
1;10983.0
1;10984.4
1;10986.2
1;10988.2
1;10990.2
1;10992.0
1;10994.0
1;10997.8
1;10999.8
1;11001.6
1;11003.6
1;11005.4
1;11007.4
1;11010.2
1;11013.2
1;11015.0
1;11017.0
1;11019.0
1;11021.8
1;11024.6
1;11026.6
1;11029.4
1;11032.4
1;11034.2
1;11037.2
1;11040.0
1;11043.8
1;11045.8
1;11048.6
1;11051.6
1;11053.4
1;11057.4
1;11060.2
1;11063.0
1;11067.0
1;11070.8
1;11076.6
1;11082.2
1;11091.8
1;11097.6
1;11105.4
1;11113.0
1;11136.0
-1;11155.2
-1;11166.8
-1;11174.4
-1;11182.2
-1;11186.0
-1;11191.8
-1;11195.6
-1;11199.4
-1;11203.2
-1;11207.0
-1;11211.0
-1;11213.8
-1;11216.6
-1;11220.6
-1;11222.4
-1;11226.2
-1;11229.2
-1;11232.0
-1;11234.0
-1;11236.8
-1;11239.8
-1;11241.6
-1;11244.6
-1;11247.4
-1;11249.4
-1;11252.2
-1;11257.0
-1;11259.8
-1;11261.8
-1;11263.8
-1;11266.6
-1;11268.6
-1;11270.4
-1;11272.4
-1;11275.2
-1;11277.2
-1;11279.0
-1;11281.0
-1;11283.0
-1;11284.8
-1;11286.8
-1;11288.6
-1;11290.2
-1;11291.6
-1;11293.4
-1;11295.4
-1;11297.4
-1;11298.2
-1;11300.2
-1;11302.2
-1;11304.0
-1;11305.4
-1;11307.0
-1;11308.8
-1;11310.8
-1;11312.6
-1;11313.6
-1;11317.4
-1;11319.4
-1;11320.8
-1;11322.2
-1;11324.2
-1;11325.2
-1;11327.0
-1;11328.6
-1;11330.0
-1;11331.8
-1;11333.8
-1;11335.8
-1;11336.6
-1;11338.6
-1;11340.0
-1;11341.4
-1;11343.4
-1;11344.4
-1;11346.2
-1;11347.8
-1;11349.2
-1;11351.0
-1;11352.0
-1;11353.4
-1;11355.0
-1;11355.8
-1;11357.4
-1;11358.8
-1;11359.8
-1;11361.2
-1;11362.6
-1;11365.4
-1;11367.0
-1;11368.4
-1;11369.4
-1;11370.8
-1;11372.2
-1;11374.2
-1;11375.0
-1;11376.6
-1;11378.0
-1;11379.0
-1;11380.8
-1;11382.2
-1;11383.8
-1;11384.6
-1;11386.2
-1;11387.6
-1;11388.6
-1;11390.0
-1;11391.4
-1;11392.4
-1;11393.8
-1;11395.2
-1;11396.2
-1;11397.6
-1;11399.0
-1;11400.0
-1;11401.4
-1;11403.0
-1;11403.8
-1;11405.4
-1;11407.8
-1;11409.2
-1;11410.6
-1;11412.6
-1;11413.4
-1;11415.0
-1;11416.4
-1;11417.4
-1;11418.8
-1;11420.2
-1;11421.2
-1;11422.6
-1;11424.0
-1;11425.0
-1;11426.4
-1;11427.8
-1;11428.8
-1;11429.8
-1;11430.8
-1;11432.2
-1;11433.6
-1;11434.6
-1;11436.0
-1;11437.4
-1;11438.4
-1;11439.8
-1;11441.4
-1;11442.2
-1;11443.8
-1;11444.6
-1;11445.6
-1;11448.0
-1;11449.4
-1;11451.0
-1;11451.8
-1;11453.4
-1;11454.8
-1;11455.8
-1;11457.2
-1;11458.6
-1;11459.6
-1;11460.6
-1;11461.4
-1;11463.0
-1;11464.4
-1;11465.4
-1;11466.8
-1;11468.2
-1;11469.2
-1;11470.6
-1;11472.0
-1;11473.0
-1;11474.4
-1;11475.4
-1;11476.4
-1;11477.8
-1;11478.8
-1;11480.2
-1;11481.6
-1;11482.6
-1;11484.0
-1;11485.4
-1;11487.8
-1;11489.4
-1;11490.2
-1;11491.8
-1;11493.2
-1;11494.2
-1;11495.6
-1;11497.0
-1;11498.0
-1;11499.4
-1;11500.8
-1;11501.8
-1;11503.2
-1;11504.6
-1;11505.6
-1;11507.0
-1;11508.6
-1;11509.4
-1;11511.0
-1;11512.4
-1;11513.4
-1;11514.8
-1;11516.2
-1;11517.2
-1;11518.6
-1;11520.0
-1;11521.0
-1;11522.0
-1;11523.0
-1;11524.4
-1;11525.8
-1;11528.2
-1;11529.6
-1;11530.6
-1;11532.0
-1;11533.4
-1;11535.4
-1;11536.4
-1;11537.8
-1;11539.2
-1;11540.2
-1;11541.6
-1;11543.0
-1;11544.0
-1;11545.4
-1;11547.0
-1;11547.8
-1;11549.8
-1;11551.2
-1;11552.6
-1;11553.6
-1;11555.0
-1;11556.6
-1;11558.4
-1;11559.4
-1;11560.8
-1;11562.2
-1;11563.2
-1;11565.2
-1;11566.6
-1;11568.0
-1;11569.0
-1;11571.8
-1;11573.8
-1;11574.8
-1;11576.2
-1;11577.6
-1;11578.6
-1;11580.6
-1;11582.0
-1;11583.4
-1;11584.4
-1;11585.8
-1;11587.2
-1;11589.2
-1;11590.2
-1;11592.0
-1;11594.0
-1;11595.8
-1;11597.4
-1;11598.8
-1;11600.6
-1;11601.6
-1;11603.6
-1;11605.0
-1;11606.4
-1;11608.4
-1;11609.4
-1;11611.2
-1;11612.6
-1;11614.2
-1;11616.0
-1;11618.0
-1;11620.8
-1;11622.8
-1;11624.6
-1;11626.6
-1;11628.0
-1;11629.4
-1;11631.4
-1;11633.4
-1;11635.2
-1;11636.2
-1;11638.2
-1;11640.0
-1;11642.0
-1;11643.8
-1;11645.8
-1;11647.8
-1;11649.6
-1;11651.6
-1;11653.4
-1;11655.4
-1;11658.2
-1;11660.2
-1;11662.2
-1;11664.0
-1;11666.0
-1;11667.8
-1;11669.8
-1;11671.8
-1;11674.6
-1;11676.6
-1;11678.4
-1;11683.2
-1;11687.0
-1;11690.0
-1;11692.8
-1;11694.8
-1;11697.6
-1;11700.6
-1;11704.4
-1;11706.2
-1;11710.2
-1;11713.0
-1;11715.8
-1;11719.8
-1;11721.6
-1;11725.4
-1;11729.4
-1;11735.0
-1;11739.0
-1;11742.8
-1;11746.6
-1;11754.2
-1;11765.8
-1;11773.4
-1;11796.6
1;11815.8
1;11823.4
1;11829.2
1;11835.0
1;11842.6
1;11846.4
1;11852.2
1;11859.0
1;11861.8
1;11865.6
1;11869.4
1;11873.4
1;11875.2
1;11879.0
1;11882.0
1;11884.8
1;11888.6
1;11890.6
1;11893.4
1;11896.4
1;11898.2
1;11901.2
1;11904.0
1;11906.0
1;11908.8
1;11911.8
1;11913.6
1;11915.6
1;11917.4
1;11920.4
1;11922.2
1;11924.2
1;11927.0
1;11929.0
1;11931.0
1;11932.8
1;11934.8
1;11936.6
1;11940.6
1;11942.4
1;11944.4
1;11946.2
1;11948.2
1;11950.2
1;11951.0
1;11953.0
1;11955.0
1;11956.8
1;11958.2
1;11959.8
1;11961.6
1;11963.6
1;11965.4
1;11966.4
1;11968.4
1;11970.2
1;11972.2
1;11973.6
1;11975.0
1;11977.0
1;11979.0
1;11980.8
1;11981.8
1;11983.8
1;11985.2
1;11986.6
1;11988.6
1;11989.4
1;11991.4
1;11994.2
1;11996.2
1;11997.2
1;11998.6
1;12000.0
1;12001.0
1;12003.0
1;12004.4
1;12005.8
1;12007.8
1;12008.6
1;12010.6
1;12012.0
1;12013.4
1;12014.4
1;12015.8
1;12017.4
1;12019.2
1;12020.2
1;12021.6
1;12023.0
1;12024.0
1;12026.0
1;12027.4
1;12028.8
1;12029.8
1;12031.2
1;12032.6
1;12033.6
1;12035.0
1;12036.6
1;12039.0
1;12040.4
1;12042.2
1;12043.2
1;12044.6
1;12046.2
1;12047.0
1;12048.6
1;12050.0
1;12051.0
1;12052.4
1;12053.8
1;12054.8
1;12056.6
1;12058.2
1;12060.6
1;12062.0
1;12063.4
1;12064.4
1;12065.8
1;12067.2
1;12068.2
1;12069.6
1;12071.0
1;12072.0
1;12073.4
1;12075.0
1;12075.8
1;12077.4
1;12078.8
1;12081.2
1;12082.6
1;12083.6
1;12085.0
1;12086.4
1;12087.4
1;12088.8
1;12089.8
1;12090.8
1;12092.2
1;12093.2
1;12094.6
1;12096.0
1;12097.0
1;12098.4
1;12099.8
1;12100.8
1;12102.2
1;12103.8
1;12104.6
1;12106.2
1;12107.6
1;12108.6
1;12110.0
1;12111.4
1;12112.4
1;12113.8
1;12115.2
1;12116.2
1;12117.6
1;12119.0
1;12121.4
1;12123.0
1;12123.8
1;12125.4
1;12126.8
1;12127.8
1;12129.2
1;12130.6
1;12131.6
1;12133.0
1;12134.4
1;12135.4
1;12136.8
1;12138.2
1;12139.2
1;12140.6
1;12142.2
1;12143.0
1;12144.6
1;12146.0
1;12147.0
1;12148.4
1;12149.8
1;12150.8
1;12152.2
1;12153.6
1;12154.6
1;12156.0
1;12157.4
1;12158.4
1;12159.8
1;12162.2
1;12163.8
1;12165.2
1;12166.2
1;12167.6
1;12169.0
1;12170.0
1;12171.4
1;12172.8
1;12173.8
1;12175.2
1;12176.6
1;12177.6
1;12179.6
1;12181.0
1;12182.4
1;12183.4
1;12184.8
1;12186.2
1;12187.2
1;12188.6
1;12190.2
1;12191.0
1;12192.6
1;12194.0
1;12195.8
1;12196.8
1;12198.2
1;12199.8
1;12200.6
1;12202.6
1;12205.4
1;12206.4
1;12207.8
1;12209.4
1;12211.2
1;12212.2
1;12213.6
1;12215.0
1;12216.0
1;12218.0
1;12219.4
1;12220.8
1;12222.8
1;12223.8
1;12225.6
1;12227.0
1;12228.6
1;12229.4
1;12231.0
1;12232.4
1;12234.2
1;12235.2
1;12237.2
1;12238.6
1;12240.0
1;12242.0
1;12243.0
1;12244.4
1;12245.8
1;12246.8
1;12248.6
1;12251.6
1;12253.4
1;12255.4
1;12257.4
1;12258.2
1;12260.2
1;12261.6
1;12263.0
1;12265.0
1;12266.0
1;12267.8
1;12269.8
1;12271.8
1;12273.2
1;12274.6
1;12276.6
1;12278.4
1;12280.4
1;12282.2
1;12284.2
1;12286.2
1;12288.0
1;12290.0
1;12291.8
1;12293.8
1;12295.8
1;12297.6
1;12299.6
1;12301.4
1;12303.4
1;12305.4
1;12309.2
1;12312.0
1;12314.0
1;12315.8
1;12318.8
1;12320.6
1;12322.6
1;12324.6
1;12327.4
1;12330.2
1;12332.2
1;12335.0
1;12338.0
1;12339.8
1;12342.8
1;12345.6
1;12347.6
1;12350.4
1;12353.4
1;12357.2
1;12359.0
1;12363.0
1;12365.8
1;12368.6
1;12372.6
1;12376.4
1;12382.2
1;12387.8
1;12391.8
1;12397.4
1;12403.2
1;12426.2
1;12434.0
-1;12457.0
-1;12472.4
-1;12480.0
-1;12487.8
-1;12491.6
-1;12497.4
-1;12503.0
-1;12507.0
-1;12510.8
-1;12514.6
-1;12518.4
-1;12520.4
-1;12524.2
-1;12528.0
-1;12531.8
-1;12534.8
-1;12537.6
-1;12539.6
-1;12542.4
-1;12545.4
-1;12547.2
-1;12550.2
-1;12553.0
-1;12555.0
-1;12557.8
-1;12560.6
-1;12562.6
-1;12565.4
-1;12567.4
-1;12572.2
-1;12574.2
-1;12576.0
-1;12578.0
-1;12580.8
-1;12582.8
-1;12584.6
-1;12586.6
-1;12588.6
-1;12590.4
-1;12592.4
-1;12594.2
-1;12596.2
-1;12598.2
-1;12600.0
-1;12602.0
-1;12603.8
-1;12605.8
-1;12607.8
-1;12609.6
-1;12611.0
-1;12612.6
-1;12614.4
-1;12616.4
-1;12618.2
-1;12619.2
-1;12621.2
-1;12622.6
-1;12624.0
-1;12626.0
-1;12627.0
-1;12630.2
-1;12631.8
-1;12633.6
-1;12634.6
-1;12636.6
-1;12638.0
-1;12639.4
-1;12641.4
-1;12642.2
-1;12644.2
-1;12645.6
-1;12647.0
-1;12649.0
-1;12650.0
-1;12651.8
-1;12653.4
-1;12654.8
-1;12656.6
-1;12657.6
-1;12659.0
-1;12660.6
-1;12661.4
-1;12663.4
-1;12664.8
-1;12666.2
-1;12667.2
-1;12668.6
-1;12670.2
-1;12672.0
-1;12673.0
-1;12674.4
-1;12676.8
-1;12678.8
-1;12680.2
-1;12681.6
-1;12682.6
-1;12684.0
-1;12685.4
-1;12687.4
-1;12688.4
-1;12689.8
-1;12691.2
-1;12692.2
-1;12693.6
-1;12695.0
-1;12696.0
-1;12697.4
-1;12699.0
-1;12699.8
-1;12701.8
-1;12703.2
-1;12704.6
-1;12705.6
-1;12707.0
-1;12708.6
-1;12709.4
-1;12711.0
-1;12712.4
-1;12713.4
-1;12714.8
-1;12716.2
-1;12717.2
-1;12720.0
-1;12721.0
-1;12722.4
-1;12723.8
-1;12724.8
-1;12726.2
-1;12727.8
-1;12728.6
-1;12730.2
-1;12731.6
-1;12732.6
-1;12734.0
-1;12735.0
-1;12735.8
-1;12737.4
-1;12738.2
-1;12739.8
-1;12741.2
-1;12742.2
-1;12743.6
-1;12745.0
-1;12746.0
-1;12747.4
-1;12748.8
-1;12749.8
-1;12750.8
-1;12751.8
-1;12753.2
-1;12754.6
-1;12755.6
-1;12757.0
-1;12759.4
-1;12760.8
-1;12762.2
-1;12763.2
-1;12764.6
-1;12765.6
-1;12766.6
-1;12768.0
-1;12769.0
-1;12770.4
-1;12771.8
-1;12772.8
-1;12774.2
-1;12775.8
-1;12776.6
-1;12778.2
-1;12779.6
-1;12780.6
-1;12782.0
-1;12783.4
-1;12784.4
-1;12785.8
-1;12787.2
-1;12788.2
-1;12789.6
-1;12791.0
-1;12792.0
-1;12793.4
-1;12795.0
-1;12795.8
-1;12796.8
-1;12799.2
-1;12800.6
-1;12801.6
-1;12803.0
-1;12804.6
-1;12805.4
-1;12807.0
-1;12808.4
-1;12809.4
-1;12810.8
-1;12811.8
-1;12812.6
-1;12814.2
-1;12815.0
-1;12816.6
-1;12818.0
-1;12819.0
-1;12820.4
-1;12821.8
-1;12822.8
-1;12824.2
-1;12825.6
-1;12826.6
-1;12828.0
-1;12829.4
-1;12830.4
-1;12831.8
-1;12833.4
-1;12834.2
-1;12835.8
-1;12837.2
-1;12839.6
-1;12841.0
-1;12842.0
-1;12843.4
-1;12844.8
-1;12845.8
-1;12847.2
-1;12848.6
-1;12849.6
-1;12851.0
-1;12852.6
-1;12853.4
-1;12855.4
-1;12856.8
-1;12858.2
-1;12859.2
-1;12860.6
-1;12862.2
-1;12863.0
-1;12864.6
-1;12866.0
-1;12867.0
-1;12868.4
-1;12869.8
-1;12871.8
-1;12872.6
-1;12874.2
-1;12875.6
-1;12876.6
-1;12878.4
-1;12879.8
-1;12883.2
-1;12884.2
-1;12886.2
-1;12887.6
-1;12889.0
-1;12890.0
-1;12891.4
-1;12892.8
-1;12894.8
-1;12895.8
-1;12897.6
-1;12899.0
-1;12900.6
-1;12902.4
-1;12903.4
-1;12905.4
-1;12906.8
-1;12908.2
-1;12910.2
-1;12911.0
-1;12913.0
-1;12914.4
-1;12915.8
-1;12917.8
-1;12918.8
-1;12920.6
-1;12922.2
-1;12923.6
-1;12925.4
-1;12926.4
-1;12928.4
-1;12932.2
-1;12933.6
-1;12935.0
-1;12937.0
-1;12939.0
-1;12940.8
-1;12942.8
-1;12944.6
-1;12946.6
-1;12948.6
-1;12949.4
-1;12951.4
-1;12953.4
-1;12955.2
-1;12957.2
-1;12959.0
-1;12961.0
-1;12963.8
-1;12965.8
-1;12967.8
-1;12969.6
-1;12972.6
-1;12974.4
-1;12976.4
-1;12979.2
-1;12981.2
-1;12983.0
-1;12985.0
-1;12987.8
-1;12990.8
-1;12992.6
-1;12997.4
-1;12999.4
-1;13002.2
-1;13004.2
-1;13008.0
-1;13011.0
-1;13013.8
-1;13017.6
-1;13019.6
-1;13023.4
-1;13026.2
-1;13029.2
-1;13033.0
-1;13036.8
-1;13042.6
-1;13048.4
-1;13056.0
-1;13059.8
-1;13067.6
