0;250000
0;570000
0;890000
0;1210000
1;1530000
0;1850000
1;2170000
0;2490000
1;2810000
0;3130000
1;3450000
0;3770000
1;4090000
0;4410000
1;4730000
0;5050000
1;5370000
0;5690000
1;6010000
1;6330000
0;6650000
1;6970000
0;7290000
1;7610000
0;7930000
1;8250000
1;8570000
0;8890000
1;9210000
1;9530000
0;9850000
1;10170000
0;10490000
1;10810000
1;11130000
0;11450000
1;11770000
1;12090000
0;12410000
1;12730000
1;13050000
0;13370000
1;13690000
1;14010000
0;14330000
1;14650000
1;14970000
0;15290000
1;15610000
1;15930000
1;16250000
0;16570000
1;16890000
1;17210000
0;17530000
1;17850000
1;18170000
1;18490000
0;18810000
1;19130000
1;19450000
1;19770000
0;20090000
1;20410000
1;20730000
1;21050000
1;21370000
0;21690000
1;22010000
1;22330000
1;22650000
1;22970000
0;23290000
1;23610000
1;23930000
1;24250000
1;24570000
0;24890000
1;25210000
1;25530000
1;25850000
1;26170000
1;26490000
0;26810000
1;27130000
1;27450000
1;27770000
1;28090000
1;28410000
1;28730000
0;29050000
1;29370000
1;29690000
1;30010000
1;30330000
1;30650000
1;30970000
1;31290000
0;31610000
1;31930000
1;32250000
1;32570000
1;32890000
1;33210000
1;33530000
1;33850000
1;34170000
1;34490000
0;34810000
1;35130000
1;35450000
1;35770000
1;36090000
1;36410000
1;36730000
1;37050000
1;37370000
1;37690000
1;38010000
1;38330000
1;38650000
1;38970000
1;39290000
1;39610000
1;39930000
0;40250000
1;40570000
1;40890000
1;41210000
1;41530000
1;41850000
1;42170000
1;42490000
1;42810000
1;43130000
1;43450000
1;43770000
1;44090000
1;44410000
1;44730000
1;45050000
1;45370000
1;45690000
1;46010000
1;46330000
1;46650000
1;46970000
1;47290000
1;47610000
1;47930000
1;48250000
1;48570000
1;48890000
1;49210000
1;49530000
1;49850000
1;50170000
1;50490000
1;50810000
1;51130000
1;51450000
1;51770000
1;52090000
1;52410000
1;52730000
1;53050000
1;53370000
1;53690000
1;54010000
1;54330000
1;54650000
1;54970000
1;55290000
1;55610000
1;55930000
1;56250000
1;56570000
1;56890000
1;57210000
1;57530000
1;57850000
1;58170000
1;58490000
1;58810000
1;59130000
1;59450000
1;59770000
1;60090000
1;60410000
1;60730000
1;61050000
1;61370000
1;61690000
1;62010000
1;62330000
1;62650000
1;62970000
1;63290000
1;63610000
1;63930000
1;64250000
1;64570000
1;64890000
1;65210000
1;65530000
0;65850000
1;66170000
1;66490000
1;66810000
1;67130000
1;67450000
1;67770000
1;68090000
1;68410000
1;68730000
1;69050000
1;69370000
1;69690000
1;70010000
1;70330000
1;70650000
1;70970000
1;71290000
1;71610000
1;71930000
0;72250000
1;72570000
1;72890000
1;73210000
1;73530000
1;73850000
1;74170000
1;74490000
1;74810000
1;75130000
1;75450000
1;75770000
0;76090000
1;76410000
1;76730000
1;77050000
1;77370000
1;77690000
1;78010000
1;78330000
0;78650000
1;78970000
1;79290000
1;79610000
1;79930000
1;80250000
1;80570000
1;80890000
0;81210000
1;81530000
1;81850000
1;82170000
1;82490000
1;82810000
0;83130000
1;83450000
1;83770000
1;84090000
1;84410000
0;84730000
1;85050000
1;85370000
1;85690000
1;86010000
0;86330000
1;86650000
1;86970000
1;87290000
0;87610000
1;87930000
1;88250000
1;88570000
1;88890000
0;89210000
1;89530000
1;89850000
1;90170000
0;90490000
1;90810000
1;91130000
0;91450000
1;91770000
1;92090000
1;92410000
0;92730000
1;93050000
1;93370000
0;93690000
1;94010000
1;94330000
0;94650000
1;94970000
1;95290000
0;95610000
1;95930000
1;96250000
0;96570000
1;96890000
1;97210000
0;97530000
1;97850000
1;98170000
0;98490000
1;98810000
0;99130000
1;99450000
1;99770000
0;100090000
1;100410000
0;100730000
1;101050000
1;101370000
0;101690000
1;102010000
0;102330000
1;102650000
0;102970000
1;103290000
0;103610000
1;103930000
1;104250000
0;104570000
1;104890000
0;105210000
1;105530000
0;105850000
1;106170000
0;106490000
1;106810000
0;107130000
1;107450000
0;107770000
1;108090000
0;108410000
1;108730000
0;109050000
1;109370000
0;109690000
0;110010000
1;110330000
0;110650000
1;110970000
0;111290000
1;111610000
0;111930000
0;112250000
1;112570000
0;112890000
1;113210000
0;113530000
0;113850000
1;114170000
0;114490000
1;114810000
0;115130000
0;115450000
1;115770000
0;116090000
0;116410000
1;116730000
0;117050000
1;117370000
0;117690000
0;118010000
1;118330000
0;118650000
0;118970000
1;119290000
0;119610000
0;119930000
0;120250000
1;120570000
0;120890000
0;121210000
1;121530000
0;121850000
0;122170000
0;122490000
1;122810000
0;123130000
0;123450000
1;123770000
0;124090000
0;124410000
0;124730000
0;125050000
1;125370000
0;125690000
0;126010000
0;126330000
1;126650000
0;126970000
0;127290000
0;127610000
0;127930000
1;128250000
0;128570000
0;128890000
0;129210000
0;129530000
1;129850000
0;130170000
0;130490000
0;130810000
0;131130000
0;131450000
1;131770000
0;132090000
0;132410000
0;132730000
0;133050000
0;133370000
1;133690000
0;134010000
0;134330000
0;134650000
0;134970000
0;135290000
0;135610000
0;135930000
1;136250000
0;136570000
0;136890000
0;137210000
0;137530000
0;137850000
0;138170000
0;138490000
0;138810000
0;139130000
1;139450000
0;139770000
0;140090000
0;140410000
0;140730000
0;141050000
0;141370000
0;141690000
0;142010000
0;142330000
0;142650000
0;142970000
0;143290000
0;143610000
0;143930000
1;144250000
0;144570000
0;144890000
0;145210000
0;145530000
0;145850000
0;146170000
0;146490000
0;146810000
0;147130000
0;147450000
0;147770000
0;148090000
0;148410000
0;148730000
0;149050000
0;149370000
0;149690000
0;150010000
0;150330000
0;150650000
0;150970000
0;151290000
0;151610000
0;151930000
0;152250000
0;152570000
0;152890000
0;153210000
0;153530000
0;153850000
0;154170000
0;154490000
0;154810000
0;155130000
0;155450000
0;155770000
0;156090000
0;156410000
0;156730000
0;157050000
0;157370000
0;157690000
0;158010000
0;158330000
0;158650000
0;158970000
0;159290000
0;159610000
0;159930000
0;160250000
0;160570000
0;160890000
0;161210000
0;161530000
0;161850000
0;162170000
0;162490000
0;162810000
0;163130000
0;163450000
0;163770000
0;164090000
0;164410000
0;164730000
0;165050000
0;165370000
0;165690000
0;166010000
0;166330000
0;166650000
0;166970000
0;167290000
0;167610000
0;167930000
0;168250000
1;168570000
0;168890000
0;169210000
0;169530000
0;169850000
0;170170000
0;170490000
0;170810000
0;171130000
0;171450000
0;171770000
0;172090000
0;172410000
0;172730000
0;173050000
0;173370000
0;173690000
0;174010000
0;174330000
0;174650000
0;174970000
0;175290000
0;175610000
0;175930000
0;176250000
1;176570000
0;176890000
0;177210000
0;177530000
0;177850000
0;178170000
0;178490000
0;178810000
0;179130000
0;179450000
0;179770000
0;180090000
0;180410000
1;180730000
0;181050000
0;181370000
0;181690000
0;182010000
0;182330000
0;182650000
0;182970000
0;183290000
1;183610000
0;183930000
0;184250000
0;184570000
0;184890000
0;185210000
0;185530000
1;185850000
0;186170000
0;186490000
0;186810000
0;187130000
0;187450000
0;187770000
1;188090000
0;188410000
0;188730000
0;189050000
0;189370000
1;189690000
0;190010000
0;190330000
0;190650000
0;190970000
1;191290000
0;191610000
0;191930000
0;192250000
0;192570000
1;192890000
0;193210000
0;193530000
0;193850000
1;194170000
0;194490000
0;194810000
0;195130000
1;195450000
0;195770000
0;196090000
0;196410000
1;196730000
0;197050000
0;197370000
1;197690000
0;198010000
0;198330000
1;198650000
0;198970000
0;199290000
0;199610000
1;199930000
0;200250000
0;200570000
1;200890000
0;201210000
0;201530000
1;201850000
0;202170000
1;202490000
0;202810000
0;203130000
1;203450000
0;203770000
0;204090000
1;204410000
0;204730000
1;205050000
0;205370000
0;205690000
1;206010000
0;206330000
1;206650000
0;206970000
0;207290000
1;207610000
0;207930000
1;208250000
0;208570000
1;208890000
0;209210000
1;209530000
0;209850000
1;210170000
0;210490000
1;210810000
0;211130000
1;211450000
0;211770000
1;212090000
0;212410000
1;212730000
0;213050000
1;213370000
0;213690000
1;214010000
0;214330000
1;214650000
0;214970000
1;215290000
0;215610000
1;215930000
0;216250000
1;216570000
1;216890000
0;217210000
1;217530000
0;217850000
1;218170000
1;218490000
0;218810000
1;219130000
0;219450000
1;219770000
1;220090000
0;220410000
1;220730000
0;221050000
1;221370000
1;221690000
0;222010000
1;222330000
1;222650000
0;222970000
1;223290000
1;223610000
0;223930000
1;224250000
1;224570000
0;224890000
1;225210000
1;225530000
0;225850000
1;226170000
1;226490000
1;226810000
0;227130000
1;227450000
1;227770000
0;228090000
1;228410000
1;228730000
1;229050000
0;229370000
1;229690000
1;230010000
1;230330000
0;230650000
1;230970000
1;231290000
1;231610000
1;231930000
0;232250000
1;232570000
1;232890000
1;233210000
1;233530000
0;233850000
1;234170000
1;234490000
1;234810000
1;235130000
0;235450000
1;235770000
1;236090000
1;236410000
1;236730000
1;237050000
0;237370000
1;237690000
1;238010000
1;238330000
1;238650000
1;238970000
1;239290000
0;239610000
1;239930000
1;240250000
1;240570000
1;240890000
1;241210000
1;241530000
1;241850000
0;242170000
1;242490000
1;242810000
1;243130000
1;243450000
1;243770000
1;244090000
1;244410000
1;244730000
1;245050000
1;245370000
0;245690000
1;246010000
1;246330000
1;246650000
1;246970000
1;247290000
1;247610000
1;247930000
1;248250000
1;248570000
1;248890000
1;249210000
1;249530000
1;249850000
1;250170000
1;250490000
1;250810000
0;251130000
1;251450000
1;251770000
1;252090000
1;252410000
1;252730000
1;253050000
1;253370000
1;253690000
1;254010000
1;254330000
1;254650000
1;254970000
1;255290000
1;255610000
1;255930000
1;256250000
1;256570000
1;256890000
1;257210000
1;257530000
1;257850000
1;258170000
1;258490000
1;258810000
1;259130000
1;259450000
1;259770000
1;260090000
1;260410000
1;260730000
1;261050000
1;261370000
1;261690000
1;262010000
1;262330000
1;262650000
1;262970000
1;263290000
1;263610000
1;263930000
1;264250000
1;264570000
1;264890000
1;265210000
1;265530000
1;265850000
1;266170000
1;266490000
1;266810000
1;267130000
1;267450000
1;267770000
1;268090000
1;268410000
1;268730000
1;269050000
1;269370000
1;269690000
1;270010000
1;270330000
1;270650000
1;270970000
1;271290000
1;271610000
1;271930000
1;272250000
1;272570000
1;272890000
1;273210000
1;273530000
1;273850000
1;274170000
1;274490000
1;274810000
1;275130000
1;275450000
1;275770000
1;276090000
1;276410000
0;276730000
1;277050000
1;277370000
1;277690000
1;278010000
1;278330000
1;278650000
1;278970000
1;279290000
1;279610000
1;279930000
1;280250000
1;280570000
1;280890000
1;281210000
1;281530000
1;281850000
1;282170000
1;282490000
1;282810000
0;283130000
1;283450000
1;283770000
1;284090000
1;284410000
1;284730000
1;285050000
1;285370000
1;285690000
1;286010000
1;286330000
0;286650000
1;286970000
1;287290000
1;287610000
1;287930000
1;288250000
1;288570000
1;288890000
1;289210000
0;289530000
1;289850000
1;290170000
1;290490000
1;290810000
1;291130000
1;291450000
0;291770000
1;292090000
1;292410000
1;292730000
1;293050000
1;293370000
0;293690000
1;294010000
1;294330000
1;294650000
1;294970000
0;295290000
1;295610000
1;295930000
1;296250000
1;296570000
0;296890000
1;297210000
1;297530000
1;297850000
1;298170000
0;298490000
1;298810000
1;299130000
1;299450000
0;299770000
1;300090000
1;300410000
1;300730000
0;301050000
1;301370000
1;301690000
0;302010000
1;302330000
1;302650000
1;302970000
0;303290000
1;303610000
1;303930000
0;304250000
1;304570000
1;304890000
0;305210000
1;305530000
1;305850000
0;306170000
1;306490000
1;306810000
0;307130000
1;307450000
1;307770000
0;308090000
1;308410000
1;308730000
0;309050000
1;309370000
0;309690000
1;310010000
1;310330000
0;310650000
1;310970000
0;311290000
1;311610000
1;311930000
0;312250000
1;312570000
0;312890000
1;313210000
0;313530000
1;313850000
0;314170000
1;314490000
1;314810000
0;315130000
1;315450000
0;315770000
1;316090000
0;316410000
1;316730000
0;317050000
1;317370000
0;317690000
1;318010000
0;318330000
1;318650000
0;318970000
1;319290000
0;319610000
1;319930000
0;320250000
0;320570000
1;320890000
0;321210000
1;321530000
0;321850000
1;322170000
0;322490000
0;322810000
1;323130000
0;323450000
1;323770000
0;324090000
0;324410000
1;324730000
0;325050000
1;325370000
0;325690000
0;326010000
1;326330000
0;326650000
0;326970000
1;327290000
0;327610000
1;327930000
0;328250000
0;328570000
1;328890000
0;329210000
0;329530000
0;329850000
1;330170000
0;330490000
0;330810000
1;331130000
0;331450000
0;331770000
1;332090000
0;332410000
0;332730000
0;333050000
1;333370000
0;333690000
0;334010000
0;334330000
1;334650000
0;334970000
0;335290000
0;335610000
1;335930000
0;336250000
0;336570000
0;336890000
1;337210000
0;337530000
0;337850000
0;338170000
0;338490000
1;338810000
0;339130000
0;339450000
0;339770000
0;340090000
1;340410000
0;340730000
0;341050000
0;341370000
0;341690000
0;342010000
1;342330000
0;342650000
0;342970000
0;343290000
0;343610000
0;343930000
1;344250000
0;344570000
0;344890000
0;345210000
0;345530000
0;345850000
0;346170000
0;346490000
1;346810000
0;347130000
0;347450000
0;347770000
0;348090000
0;348410000
0;348730000
0;349050000
0;349370000
0;349690000
1;350010000
0;350330000
0;350650000
0;350970000
0;351290000
0;351610000
0;351930000
0;352250000
0;352570000
0;352890000
0;353210000
0;353530000
0;353850000
0;354170000
0;354490000
0;354810000
1;355130000
0;355450000
0;355770000
0;356090000
0;356410000
0;356730000
0;357050000
0;357370000
0;357690000
0;358010000
0;358330000
0;358650000
0;358970000
0;359290000
0;359610000
0;359930000
0;360250000
0;360570000
0;360890000
0;361210000
0;361530000
0;361850000
0;362170000
0;362490000
0;362810000
0;363130000
0;363450000
0;363770000
0;364090000
0;364410000
0;364730000
0;365050000
0;365370000
0;365690000
0;366010000
0;366330000
0;366650000
0;366970000
0;367290000
0;367610000
0;367930000
0;368250000
0;368570000
0;368890000
0;369210000
0;369530000
0;369850000
0;370170000
0;370490000
0;370810000
0;371130000
0;371450000
0;371770000
0;372090000
0;372410000
0;372730000
0;373050000
0;373370000
0;373690000
0;374010000
0;374330000
0;374650000
0;374970000
0;375290000
0;375610000
0;375930000
0;376250000
0;376570000
0;376890000
0;377210000
0;377530000
0;377850000
0;378170000
0;378490000
0;378810000
0;379130000
0;379450000
0;379770000
1;380090000
0;380410000
0;380730000
0;381050000
0;381370000
0;381690000
0;382010000
0;382330000
0;382650000
0;382970000
0;383290000
0;383610000
0;383930000
0;384250000
0;384570000
0;384890000
0;385210000
0;385530000
0;385850000
0;386170000
0;386490000
0;386810000
0;387130000
1;387450000
0;387770000
0;388090000
0;388410000
0;388730000
0;389050000
0;389370000
0;389690000
0;390010000
0;390330000
0;390650000
0;390970000
1;391290000
0;391610000
0;391930000
0;392250000
0;392570000
0;392890000
0;393210000
0;393530000
0;393850000
1;394170000
0;394490000
0;394810000
0;395130000
0;395450000
0;395770000
0;396090000
1;396410000
0;396730000
0;397050000
0;397370000
0;397690000
0;398010000
0;398330000
1;398650000
0;398970000
0;399290000
0;399610000
0;399930000
1;400250000
0;400570000
0;400890000
0;401210000
0;401530000
1;401850000
0;402170000
0;402490000
0;402810000
0;403130000
1;403450000
0;403770000
0;404090000
0;404410000
1;404730000
0;405050000
0;405370000
0;405690000
1;406010000
0;406330000
0;406650000
0;406970000
1;407290000
0;407610000
0;407930000
1;408250000
0;408570000
0;408890000
1;409210000
0;409530000
0;409850000
0;410170000
1;410490000
0;410810000
0;411130000
1;411450000
0;411770000
0;412090000
1;412410000
0;412730000
1;413050000
0;413370000
0;413690000
1;414010000
0;414330000
0;414650000
1;414970000
0;415290000
1;415610000
0;415930000
0;416250000
1;416570000
0;416890000
1;417210000
0;417530000
0;417850000
1;418170000
0;418490000
1;418810000
0;419130000
1;419450000
0;419770000
1;420090000
0;420410000
1;420730000
0;421050000
1;421370000
0;421690000
1;422010000
0;422330000
1;422650000
0;422970000
1;423290000
0;423610000
1;423930000
0;424250000
1;424570000
0;424890000
1;425210000
0;425530000
1;425850000
0;426170000
1;426490000
0;426810000
1;427130000
1;427450000
0;427770000
1;428090000
0;428410000
1;428730000
1;429050000
0;429370000
1;429690000
0;430010000
1;430330000
1;430650000
0;430970000
1;431290000
0;431610000
1;431930000
1;432250000
0;432570000
1;432890000
1;433210000
0;433530000
1;433850000
1;434170000
0;434490000
1;434810000
1;435130000
0;435450000
1;435770000
1;436090000
0;436410000
1;436730000
1;437050000
1;437370000
0;437690000
1;438010000
1;438330000
1;438650000
0;438970000
1;439290000
1;439610000
0;439930000
1;440250000
1;440570000
1;440890000
1;441210000
0;441530000
1;441850000
1;442170000
1;442490000
0;442810000
1;443130000
1;443450000
1;443770000
1;444090000
0;444410000
1;444730000
1;445050000
1;445370000
1;445690000
0;446010000
1;446330000
1;446650000
1;446970000
1;447290000
1;447610000
0;447930000
1;448250000
1;448570000
1;448890000
1;449210000
1;449530000
1;449850000
0;450170000
1;450490000
1;450810000
1;451130000
1;451450000
1;451770000
1;452090000
1;452410000
0;452730000
1;453050000
1;453370000
1;453690000
1;454010000
1;454330000
1;454650000
1;454970000
1;455290000
1;455610000
1;455930000
0;456250000
1;456570000
1;456890000
1;457210000
1;457530000
1;457850000
1;458170000
1;458490000
1;458810000
1;459130000
1;459450000
1;459770000
1;460090000
1;460410000
1;460730000
1;461050000
1;461370000
1;461690000
0;462010000
1;462330000
1;462650000
1;462970000
1;463290000
1;463610000
1;463930000
1;464250000
1;464570000
1;464890000
1;465210000
1;465530000
1;465850000
1;466170000
1;466490000
1;466810000
1;467130000
1;467450000
1;467770000
1;468090000
1;468410000
1;468730000
1;469050000
1;469370000
1;469690000
1;470010000
1;470330000
1;470650000
1;470970000
1;471290000
1;471610000
1;471930000
1;472250000
1;472570000
1;472890000
1;473210000
1;473530000
1;473850000
1;474170000
1;474490000
1;474810000
1;475130000
1;475450000
1;475770000
1;476090000
1;476410000
1;476730000
1;477050000
1;477370000
1;477690000
1;478010000
1;478330000
1;478650000
1;478970000
1;479290000
1;479610000
1;479930000
1;480250000
1;480570000
1;480890000
1;481210000
1;481530000
1;481850000
1;482170000
1;482490000
1;482810000
1;483130000
1;483450000
1;483770000
1;484090000
1;484410000
1;484730000
1;485050000
1;485370000
1;485690000
1;486010000
1;486330000
1;486650000
1;486970000
1;487290000
1;487610000
0;487930000
1;488250000
1;488570000
1;488890000
1;489210000
1;489530000
1;489850000
1;490170000
1;490490000
1;490810000
1;491130000
1;491450000
1;491770000
1;492090000
1;492410000
1;492730000
1;493050000
1;493370000
0;493690000
1;494010000
1;494330000
1;494650000
1;494970000
1;495290000
1;495610000
1;495930000
1;496250000
1;496570000
1;496890000
0;497210000
1;497530000
1;497850000
1;498170000
1;498490000
1;498810000
1;499130000
1;499450000
1;499770000
0;500090000
1;500410000
1;500730000
1;501050000
1;501370000
1;501690000
1;502010000
0;502330000
1;502650000
1;502970000
1;503290000
1;503610000
1;503930000
0;504250000
1;504570000
1;504890000
1;505210000
1;505530000
0;505850000
1;506170000
1;506490000
1;506810000
1;507130000
0;507450000
1;507770000
1;508090000
1;508410000
1;508730000
0;509050000
1;509370000
1;509690000
1;510010000
0;510330000
1;510650000
1;510970000
1;511290000
0;511610000
1;511930000
1;512250000
0;512570000
1;512890000
1;513210000
1;513530000
0;513850000
1;514170000
1;514490000
0;514810000
1;515130000
1;515450000
0;515770000
1;516090000
1;516410000
0;516730000
1;517050000
1;517370000
0;517690000
1;518010000
1;518330000
0;518650000
1;518970000
1;519290000
0;519610000
1;519930000
0;520250000
1;520570000
1;520890000
0;521210000
1;521530000
0;521850000
1;522170000
1;522490000
0;522810000
1;523130000
0;523450000
1;523770000
0;524090000
1;524410000
1;524730000
0;525050000
1;525370000
0;525690000
1;526010000
0;526330000
1;526650000
0;526970000
1;527290000
0;527610000
1;527930000
0;528250000
1;528570000
0;528890000
1;529210000
0;529530000
1;529850000
0;530170000
1;530490000
0;530810000
0;531130000
1;531450000
0;531770000
1;532090000
0;532410000
1;532730000
0;533050000
0;533370000
1;533690000
0;534010000
1;534330000
0;534650000
0;534970000
1;535290000
0;535610000
1;535930000
0;536250000
0;536570000
1;536890000
0;537210000
0;537530000
1;537850000
0;538170000
1;538490000
0;538810000
0;539130000
1;539450000
0;539770000
0;540090000
0;540410000
1;540730000
0;541050000
0;541370000
1;541690000
0;542010000
0;542330000
1;542650000
0;542970000
0;543290000
0;543610000
1;543930000
0;544250000
0;544570000
0;544890000
1;545210000
0;545530000
0;545850000
0;546170000
1;546490000
0;546810000
0;547130000
0;547450000
1;547770000
0;548090000
0;548410000
0;548730000
0;549050000
1;549370000
0;549690000
0;550010000
0;550330000
0;550650000
1;550970000
0;551290000
0;551610000
0;551930000
0;552250000
0;552570000
1;552890000
0;553210000
0;553530000
0;553850000
0;554170000
0;554490000
0;554810000
1;555130000
0;555450000
0;555770000
0;556090000
0;556410000
0;556730000
0;557050000
0;557370000
1;557690000
0;558010000
0;558330000
0;558650000
0;558970000
0;559290000
0;559610000
0;559930000
0;560250000
0;560570000
1;560890000
0;561210000
0;561530000
0;561850000
0;562170000
0;562490000
0;562810000
0;563130000
0;563450000
0;563770000
0;564090000
0;564410000
0;564730000
0;565050000
0;565370000
0;565690000
1;566010000
0;566330000
0;566650000
0;566970000
0;567290000
0;567610000
0;567930000
0;568250000
0;568570000
0;568890000
0;569210000
0;569530000
0;569850000
0;570170000
0;570490000
0;570810000
0;571130000
0;571450000
0;571770000
0;572090000
0;572410000
0;572730000
0;573050000
0;573370000
0;573690000
0;574010000
0;574330000
0;574650000
0;574970000
0;575290000
0;575610000
0;575930000
0;576250000
0;576570000
0;576890000
0;577210000
0;577530000
0;577850000
0;578170000
0;578490000
0;578810000
0;579130000
0;579450000
0;579770000
0;580090000
0;580410000
0;580730000
0;581050000
0;581370000
0;581690000
0;582010000
0;582330000
0;582650000
0;582970000
0;583290000
0;583610000
0;583930000
0;584250000
0;584570000
0;584890000
0;585210000
0;585530000
0;585850000
0;586170000
0;586490000
0;586810000
0;587130000
0;587450000
0;587770000
0;588090000
0;588410000
0;588730000
0;589050000
0;589370000
0;589690000
0;590010000
0;590330000
0;590650000
0;590970000
1;591290000
0;591610000
0;591930000
0;592250000
0;592570000
0;592890000
0;593210000
0;593530000
0;593850000
0;594170000
0;594490000
0;594810000
0;595130000
0;595450000
0;595770000
0;596090000
0;596410000
0;596730000
0;597050000
0;597370000
0;597690000
0;598010000
1;598330000
0;598650000
0;598970000
0;599290000
0;599610000
0;599930000
0;600250000
0;600570000
0;600890000
0;601210000
0;601530000
0;601850000
1;602170000
0;602490000
0;602810000
0;603130000
0;603450000
0;603770000
0;604090000
0;604410000
1;604730000
0;605050000
0;605370000
0;605690000
0;606010000
0;606330000
0;606650000
0;606970000
1;607290000
0;607610000
0;607930000
0;608250000
0;608570000
0;608890000
1;609210000
0;609530000
0;609850000
0;610170000
0;610490000
1;610810000
0;611130000
0;611450000
0;611770000
0;612090000
1;612410000
0;612730000
0;613050000
0;613370000
0;613690000
1;614010000
0;614330000
0;614650000
0;614970000
1;615290000
0;615610000
0;615930000
0;616250000
1;616570000
0;616890000
0;617210000
0;617530000
1;617850000
0;618170000
0;618490000
1;618810000
0;619130000
0;619450000
1;619770000
0;620090000
0;620410000
0;620730000
1;621050000
0;621370000
0;621690000
1;622010000
0;622330000
0;622650000
1;622970000
0;623290000
1;623610000
0;623930000
0;624250000
1;624570000
0;624890000
0;625210000
1;625530000
0;625850000
1;626170000
0;626490000
0;626810000
1;627130000
0;627450000
1;627770000
0;628090000
0;628410000
1;628730000
0;629050000
1;629370000
0;629690000
1;630010000
0;630330000
1;630650000
0;630970000
1;631290000
0;631610000
1;631930000
0;632250000
1;632570000
0;632890000
1;633210000
0;633530000
1;633850000
0;634170000
1;634490000
0;634810000
1;635130000
0;635450000
1;635770000
0;636090000
1;636410000
0;636730000
1;637050000
0;637370000
1;637690000
1;638010000
0;638330000
1;638650000
0;638970000
1;639290000
1;639610000
0;639930000
1;640250000
0;640570000
1;640890000
1;641210000
0;641530000
1;641850000
0;642170000
1;642490000
1;642810000
0;643130000
1;643450000
1;643770000
0;644090000
1;644410000
1;644730000
0;645050000
1;645370000
1;645690000
0;646010000
1;646330000
1;646650000
1;646970000
0;647290000
1;647610000
1;647930000
0;648250000
1;648570000
1;648890000
1;649210000
0;649530000
1;649850000
1;650170000
1;650490000
0;650810000
1;651130000
1;651450000
1;651770000
0;652090000
1;652410000
1;652730000
1;653050000
0;653370000
1;653690000
1;654010000
1;654330000
1;654650000
0;654970000
1;655290000
1;655610000
1;655930000
1;656250000
0;656570000
1;656890000
1;657210000
1;657530000
1;657850000
1;658170000
0;658490000
1;658810000
1;659130000
1;659450000
1;659770000
1;660090000
1;660410000
0;660730000
1;661050000
1;661370000
1;661690000
1;662010000
1;662330000
1;662650000
1;662970000
1;663290000
0;663610000
1;663930000
1;664250000
1;664570000
1;664890000
1;665210000
1;665530000
1;665850000
1;666170000
1;666490000
1;666810000
0;667130000
1;667450000
1;667770000
1;668090000
1;668410000
1;668730000
1;669050000
1;669370000
1;669690000
1;670010000
1;670330000
1;670650000
1;670970000
1;671290000
1;671610000
1;671930000
1;672250000
1;672570000
0;672890000
1;673210000
1;673530000
1;673850000
1;674170000
1;674490000
1;674810000
1;675130000
1;675450000
1;675770000
1;676090000
1;676410000
1;676730000
1;677050000
1;677370000
1;677690000
1;678010000
1;678330000
1;678650000
1;678970000
1;679290000
1;679610000
1;679930000
1;680250000
1;680570000
1;680890000
1;681210000
1;681530000
1;681850000
1;682170000
1;682490000
1;682810000
1;683130000
1;683450000
1;683770000
1;684090000
1;684410000
1;684730000
1;685050000
1;685370000
1;685690000
1;686010000
1;686330000
1;686650000
1;686970000
1;687290000
1;687610000
1;687930000
1;688250000
1;688570000
1;688890000
1;689210000
1;689530000
1;689850000
1;690170000
1;690490000
1;690810000
1;691130000
1;691450000
1;691770000
1;692090000
1;692410000
1;692730000
1;693050000
1;693370000
1;693690000
1;694010000
1;694330000
1;694650000
1;694970000
1;695290000
1;695610000
1;695930000
1;696250000
1;696570000
1;696890000
1;697210000
1;697530000
1;697850000
1;698170000
1;698490000
0;698810000
1;699130000
1;699450000
1;699770000
1;700090000
1;700410000
1;700730000
1;701050000
1;701370000
1;701690000
1;702010000
1;702330000
1;702650000
1;702970000
1;703290000
1;703610000
1;703930000
1;704250000
0;704570000
1;704890000
1;705210000
1;705530000
1;705850000
1;706170000
1;706490000
1;706810000
1;707130000
1;707450000
1;707770000
0;708090000
1;708410000
1;708730000
1;709050000
1;709370000
1;709690000
1;710010000
1;710330000
0;710650000
1;710970000
1;711290000
1;711610000
1;711930000
1;712250000
1;712570000
0;712890000
1;713210000
1;713530000
1;713850000
1;714170000
1;714490000
0;714810000
1;715130000
1;715450000
1;715770000
1;716090000
1;716410000
0;716730000
1;717050000
1;717370000
1;717690000
0;718010000
1;718330000
1;718650000
1;718970000
1;719290000
0;719610000
1;719930000
1;720250000
1;720570000
0;720890000
1;721210000
1;721530000
1;721850000
0;722170000
1;722490000
1;722810000
0;723130000
1;723450000
1;723770000
1;724090000
0;724410000
1;724730000
1;725050000
0;725370000
1;725690000
1;726010000
0;726330000
1;726650000
1;726970000
0;727290000
1;727610000
1;727930000
0;728250000
1;728570000
1;728890000
0;729210000
1;729530000
1;729850000
0;730170000
1;730490000
0;730810000
1;731130000
1;731450000
0;731770000
1;732090000
0;732410000
1;732730000
1;733050000
0;733370000
1;733690000
0;734010000
1;734330000
0;734650000
1;734970000
1;735290000
0;735610000
1;735930000
0;736250000
1;736570000
0;736890000
1;737210000
0;737530000
1;737850000
0;738170000
1;738490000
0;738810000
1;739130000
0;739450000
1;739770000
0;740090000
1;740410000
0;740730000
1;741050000
0;741370000
0;741690000
1;742010000
0;742330000
1;742650000
0;742970000
1;743290000
0;743610000
0;743930000
1;744250000
0;744570000
1;744890000
0;745210000
0;745530000
1;745850000
0;746170000
1;746490000
0;746810000
0;747130000
1;747450000
0;747770000
0;748090000
1;748410000
0;748730000
0;749050000
1;749370000
0;749690000
0;750010000
1;750330000
0;750650000
0;750970000
1;751290000
0;751610000
0;751930000
1;752250000
0;752570000
0;752890000
1;753210000
0;753530000
0;753850000
0;754170000
1;754490000
0;754810000
0;755130000
0;755450000
1;755770000
0;756090000
0;756410000
0;756730000
1;757050000
0;757370000
0;757690000
0;758010000
1;758330000
0;758650000
0;758970000
0;759290000
0;759610000
1;759930000
0;760250000
0;760570000
0;760890000
0;761210000
1;761530000
0;761850000
0;762170000
0;762490000
0;762810000
0;763130000
1;763450000
0;763770000
0;764090000
0;764410000
0;764730000
0;765050000
0;765370000
1;765690000
0;766010000
0;766330000
0;766650000
0;766970000
0;767290000
0;767610000
0;767930000
1;768250000
0;768570000
0;768890000
0;769210000
0;769530000
0;769850000
0;770170000
0;770490000
0;770810000
0;771130000
1;771450000
0;771770000
0;772090000
0;772410000
0;772730000
0;773050000
0;773370000
0;773690000
0;774010000
0;774330000
0;774650000
0;774970000
0;775290000
0;775610000
0;775930000
0;776250000
0;776570000
1;776890000
0;777210000
0;777530000
0;777850000
0;778170000
0;778490000
0;778810000
0;779130000
0;779450000
0;779770000
0;780090000
0;780410000
0;780730000
0;781050000
0;781370000
0;781690000
0;782010000
0;782330000
0;782650000
0;782970000
0;783290000
0;783610000
0;783930000
0;784250000
0;784570000
0;784890000
0;785210000
0;785530000
0;785850000
0;786170000
0;786490000
0;786810000
0;787130000
0;787450000
0;787770000
0;788090000
0;788410000
0;788730000
0;789050000
0;789370000
0;789690000
0;790010000
0;790330000
0;790650000
0;790970000
0;791290000
0;791610000
0;791930000
0;792250000
0;792570000
0;792890000
0;793210000
0;793530000
0;793850000
0;794170000
0;794490000
0;794810000
0;795130000
0;795450000
0;795770000
0;796090000
0;796410000
0;796730000
0;797050000
0;797370000
0;797690000
0;798010000
0;798330000
0;798650000
0;798970000
0;799290000
0;799610000
0;799930000
0;800250000
0;800570000
0;800890000
0;801210000
0;801530000
0;801850000
1;802170000
0;802490000
0;802810000
0;803130000
0;803450000
0;803770000
0;804090000
0;804410000
0;804730000
0;805050000
0;805370000
0;805690000
0;806010000
0;806330000
0;806650000
0;806970000
0;807290000
0;807610000
0;807930000
0;808250000
0;808570000
1;808890000
0;809210000
0;809530000
0;809850000
0;810170000
0;810490000
0;810810000
0;811130000
0;811450000
0;811770000
0;812090000
0;812410000
1;812730000
0;813050000
0;813370000
0;813690000
0;814010000
0;814330000
0;814650000
0;814970000
0;815290000
1;815610000
0;815930000
0;816250000
0;816570000
0;816890000
0;817210000
0;817530000
1;817850000
0;818170000
0;818490000
0;818810000
0;819130000
0;819450000
1;819770000
0;820090000
0;820410000
0;820730000
0;821050000
0;821370000
1;821690000
0;822010000
0;822330000
0;822650000
1;822970000
0;823290000
0;823610000
0;823930000
0;824250000
1;824570000
0;824890000
0;825210000
0;825530000
1;825850000
0;826170000
0;826490000
0;826810000
1;827130000
0;827450000
0;827770000
0;828090000
1;828410000
0;828730000
0;829050000
1;829370000
0;829690000
0;830010000
0;830330000
1;830650000
0;830970000
0;831290000
1;831610000
0;831930000
0;832250000
1;832570000
0;832890000
0;833210000
1;833530000
0;833850000
1;834170000
0;834490000
0;834810000
1;835130000
0;835450000
0;835770000
1;836090000
0;836410000
1;836730000
0;837050000
0;837370000
1;837690000
0;838010000
1;838330000
0;838650000
0;838970000
1;839290000
0;839610000
1;839930000
0;840250000
1;840570000
0;840890000
1;841210000
0;841530000
1;841850000
0;842170000
1;842490000
0;842810000
1;843130000
0;843450000
1;843770000
0;844090000
1;844410000
0;844730000
1;845050000
0;845370000
1;845690000
0;846010000
1;846330000
0;846650000
1;846970000
0;847290000
1;847610000
0;847930000
1;848250000
1;848570000
0;848890000
1;849210000
0;849530000
1;849850000
1;850170000
0;850490000
1;850810000
0;851130000
1;851450000
1;851770000
0;852090000
1;852410000
0;852730000
1;853050000
1;853370000
0;853690000
1;854010000
1;854330000
0;854650000
1;854970000
1;855290000
0;855610000
1;855930000
1;856250000
0;856570000
1;856890000
1;857210000
1;857530000
0;857850000
1;858170000
1;858490000
0;858810000
1;859130000
1;859450000
1;859770000
0;860090000
1;860410000
1;860730000
1;861050000
0;861370000
1;861690000
1;862010000
1;862330000
0;862650000
1;862970000
1;863290000
1;863610000
0;863930000
1;864250000
1;864570000
1;864890000
1;865210000
0;865530000
1;865850000
1;866170000
1;866490000
1;866810000
1;867130000
0;867450000
1;867770000
1;868090000
1;868410000
1;868730000
1;869050000
0;869370000
1;869690000
1;870010000
1;870330000
1;870650000
1;870970000
1;871290000
0;871610000
1;871930000
1;872250000
1;872570000
1;872890000
1;873210000
1;873530000
1;873850000
0;874170000
1;874490000
1;874810000
1;875130000
1;875450000
1;875770000
1;876090000
1;876410000
1;876730000
1;877050000
1;877370000
0;877690000
1;878010000
1;878330000
1;878650000
1;878970000
1;879290000
1;879610000
1;879930000
1;880250000
1;880570000
1;880890000
1;881210000
1;881530000
1;881850000
1;882170000
1;882490000
1;882810000
1;883130000
1;883450000
0;883770000
1;884090000
1;884410000
1;884730000
1;885050000
1;885370000
1;885690000
1;886010000
1;886330000
1;886650000
1;886970000
1;887290000
1;887610000
1;887930000
1;888250000
1;888570000
1;888890000
1;889210000
1;889530000
1;889850000
1;890170000
1;890490000
1;890810000
1;891130000
1;891450000
1;891770000
1;892090000
1;892410000
1;892730000
1;893050000
1;893370000
1;893690000
1;894010000
1;894330000
1;894650000
1;894970000
1;895290000
1;895610000
1;895930000
1;896250000
1;896570000
1;896890000
1;897210000
1;897530000
1;897850000
1;898170000
1;898490000
1;898810000
1;899130000
1;899450000
1;899770000
1;900090000
1;900410000
1;900730000
1;901050000
1;901370000
1;901690000
1;902010000
1;902330000
1;902650000
1;902970000
1;903290000
1;903610000
1;903930000
1;904250000
1;904570000
1;904890000
1;905210000
1;905530000
1;905850000
1;906170000
1;906490000
1;906810000
1;907130000
1;907450000
1;907770000
1;908090000
1;908410000
1;908730000
1;909050000
1;909370000
0;909690000
1;910010000
1;910330000
1;910650000
1;910970000
1;911290000
1;911610000
1;911930000
1;912250000
1;912570000
1;912890000
1;913210000
1;913530000
1;913850000
1;914170000
1;914490000
1;914810000
0;915130000
1;915450000
1;915770000
1;916090000
1;916410000
1;916730000
1;917050000
1;917370000
1;917690000
1;918010000
1;918330000
0;918650000
1;918970000
1;919290000
1;919610000
1;919930000
1;920250000
1;920570000
1;920890000
1;921210000
0;921530000
1;921850000
1;922170000
1;922490000
1;922810000
1;923130000
0;923450000
1;923770000
1;924090000
1;924410000
1;924730000
1;925050000
0;925370000
1;925690000
1;926010000
1;926330000
1;926650000
1;926970000
0;927290000
1;927610000
1;927930000
1;928250000
0;928570000
1;928890000
1;929210000
1;929530000
1;929850000
0;930170000
1;930490000
1;930810000
1;931130000
0;931450000
1;931770000
1;932090000
1;932410000
0;932730000
1;933050000
1;933370000
1;933690000
0;934010000
1;934330000
1;934650000
0;934970000
1;935290000
1;935610000
0;935930000
1;936250000
1;936570000
0;936890000
1;937210000
1;937530000
0;937850000
1;938170000
1;938490000
0;938810000
1;939130000
1;939450000
0;939770000
1;940090000
1;940410000
0;940730000
1;941050000
0;941370000
1;941690000
1;942010000
0;942330000
1;942650000
0;942970000
1;943290000
1;943610000
0;943930000
1;944250000
0;944570000
1;944890000
0;945210000
1;945530000
1;945850000
0;946170000
1;946490000
0;946810000
1;947130000
0;947450000
1;947770000
0;948090000
1;948410000
0;948730000
1;949050000
0;949370000
1;949690000
0;950010000
1;950330000
0;950650000
1;950970000
0;951290000
1;951610000
0;951930000
0;952250000
1;952570000
0;952890000
1;953210000
0;953530000
1;953850000
0;954170000
0;954490000
1;954810000
0;955130000
1;955450000
0;955770000
0;956090000
1;956410000
0;956730000
1;957050000
0;957370000
0;957690000
1;958010000
0;958330000
0;958650000
1;958970000
0;959290000
0;959610000
1;959930000
0;960250000
0;960570000
1;960890000
0;961210000
0;961530000
1;961850000
0;962170000
0;962490000
1;962810000
0;963130000
0;963450000
1;963770000
0;964090000
0;964410000
0;964730000
1;965050000
0;965370000
0;965690000
0;966010000
1;966330000
0;966650000
0;966970000
0;967290000
1;967610000
0;967930000
0;968250000
0;968570000
1;968890000
0;969210000
0;969530000
0;969850000
0;970170000
1;970490000
0;970810000
0;971130000
0;971450000
0;971770000
1;972090000
0;972410000
0;972730000
0;973050000
0;973370000
0;973690000
1;974010000
0;974330000
0;974650000
0;974970000
0;975290000
0;975610000
0;975930000
1;976250000
0;976570000
0;976890000
0;977210000
0;977530000
0;977850000
0;978170000
0;978490000
1;978810000
0;979130000
0;979450000
0;979770000
0;980090000
0;980410000
0;980730000
0;981050000
0;981370000
0;981690000
0;982010000
1;982330000
0;982650000
0;982970000
0;983290000
0;983610000
0;983930000
0;984250000
0;984570000
0;984890000
0;985210000
0;985530000
0;985850000
0;986170000
0;986490000
0;986810000
0;987130000
0;987450000
1;987770000
0;988090000
0;988410000
0;988730000
0;989050000
0;989370000
0;989690000
0;990010000
0;990330000
0;990650000
0;990970000
0;991290000
0;991610000
0;991930000
0;992250000
0;992570000
0;992890000
0;993210000
0;993530000
0;993850000
0;994170000
0;994490000
0;994810000
0;995130000
0;995450000
0;995770000
0;996090000
0;996410000
0;996730000
0;997050000
0;997370000
0;997690000
0;998010000
0;998330000
0;998650000
0;998970000
0;999290000
0;999610000
0;999930000
0;1000250000
0;1000570000
0;1000890000
0;1001210000
0;1001530000
0;1001850000
0;1002170000
0;1002490000
0;1002810000
0;1003130000
0;1003450000
0;1003770000
0;1004090000
0;1004410000
0;1004730000
0;1005050000
0;1005370000
0;1005690000
0;1006010000
0;1006330000
0;1006650000
0;1006970000
0;1007290000
0;1007610000
0;1007930000
0;1008250000
0;1008570000
0;1008890000
0;1009210000
0;1009530000
0;1009850000
0;1010170000
0;1010490000
0;1010810000
0;1011130000
0;1011450000
0;1011770000
0;1012090000
0;1012410000
0;1012730000
0;1013050000
1;1013370000
0;1013690000
0;1014010000
0;1014330000
0;1014650000
0;1014970000
0;1015290000
0;1015610000
0;1015930000
0;1016250000
0;1016570000
0;1016890000
0;1017210000
0;1017530000
0;1017850000
0;1018170000
0;1018490000
0;1018810000
0;1019130000
0;1019450000
1;1019770000
0;1020090000
0;1020410000
0;1020730000
0;1021050000
0;1021370000
0;1021690000
0;1022010000
0;1022330000
0;1022650000
0;1022970000
1;1023290000
0;1023610000
0;1023930000
0;1024250000
0;1024570000
0;1024890000
0;1025210000
0;1025530000
0;1025850000
1;1026170000
0;1026490000
0;1026810000
0;1027130000
0;1027450000
0;1027770000
0;1028090000
1;1028410000
0;1028730000
0;1029050000
0;1029370000
0;1029690000
0;1030010000
1;1030330000
0;1030650000
0;1030970000
0;1031290000
0;1031610000
0;1031930000
1;1032250000
0;1032570000
0;1032890000
0;1033210000
0;1033530000
1;1033850000
0;1034170000
0;1034490000
0;1034810000
1;1035130000
0;1035450000
0;1035770000
0;1036090000
1;1036410000
0;1036730000
0;1037050000
0;1037370000
1;1037690000
0;1038010000
0;1038330000
0;1038650000
1;1038970000
0;1039290000
0;1039610000
1;1039930000
0;1040250000
0;1040570000
0;1040890000
1;1041210000
0;1041530000
0;1041850000
1;1042170000
0;1042490000
0;1042810000
1;1043130000
0;1043450000
0;1043770000
1;1044090000
0;1044410000
0;1044730000
1;1045050000
0;1045370000
1;1045690000
0;1046010000
0;1046330000
1;1046650000
0;1046970000
1;1047290000
0;1047610000
0;1047930000
1;1048250000
0;1048570000
1;1048890000
0;1049210000
0;1049530000
1;1049850000
0;1050170000
1;1050490000
0;1050810000
1;1051130000
0;1051450000
1;1051770000
0;1052090000
1;1052410000
0;1052730000
1;1053050000
0;1053370000
1;1053690000
0;1054010000
1;1054330000
0;1054650000
1;1054970000
0;1055290000
1;1055610000
0;1055930000
1;1056250000
0;1056570000
1;1056890000
0;1057210000
1;1057530000
0;1057850000
1;1058170000
0;1058490000
1;1058810000
1;1059130000
0;1059450000
1;1059770000
0;1060090000
1;1060410000
1;1060730000
0;1061050000
1;1061370000
0;1061690000
1;1062010000
1;1062330000
0;1062650000
1;1062970000
0;1063290000
1;1063610000
1;1063930000
0;1064250000
1;1064570000
1;1064890000
0;1065210000
1;1065530000
1;1065850000
0;1066170000
1;1066490000
1;1066810000
0;1067130000
1;1067450000
1;1067770000
1;1068090000
0;1068410000
1;1068730000
1;1069050000
0;1069370000
1;1069690000
1;1070010000
1;1070330000
0;1070650000
1;1070970000
1;1071290000
1;1071610000
0;1071930000
1;1072250000
1;1072570000
1;1072890000
0;1073210000
1;1073530000
1;1073850000
1;1074170000
0;1074490000
1;1074810000
1;1075130000
1;1075450000
1;1075770000
0;1076090000
1;1076410000
1;1076730000
1;1077050000
1;1077370000
1;1077690000
0;1078010000
1;1078330000
1;1078650000
1;1078970000
1;1079290000
1;1079610000
0;1079930000
1;1080250000
1;1080570000
1;1080890000
1;1081210000
1;1081530000
1;1081850000
0;1082170000
1;1082490000
1;1082810000
1;1083130000
1;1083450000
1;1083770000
1;1084090000
1;1084410000
1;1084730000
0;1085050000
1;1085370000
1;1085690000
1;1086010000
1;1086330000
1;1086650000
1;1086970000
1;1087290000
1;1087610000
1;1087930000
1;1088250000
0;1088570000
1;1088890000
1;1089210000
1;1089530000
1;1089850000
1;1090170000
1;1090490000
1;1090810000
1;1091130000
1;1091450000
1;1091770000
1;1092090000
1;1092410000
1;1092730000
1;1093050000
1;1093370000
1;1093690000
1;1094010000
1;1094330000
1;1094650000
0;1094970000
1;1095290000
1;1095610000
1;1095930000
1;1096250000
1;1096570000
1;1096890000
1;1097210000
1;1097530000
1;1097850000
1;1098170000
1;1098490000
1;1098810000
1;1099130000
1;1099450000
1;1099770000
1;1100090000
1;1100410000
1;1100730000
1;1101050000
1;1101370000
1;1101690000
1;1102010000
1;1102330000
1;1102650000
1;1102970000
1;1103290000
1;1103610000
1;1103930000
1;1104250000
1;1104570000
1;1104890000
1;1105210000
1;1105530000
1;1105850000
1;1106170000
1;1106490000
1;1106810000
1;1107130000
1;1107450000
1;1107770000
1;1108090000
1;1108410000
1;1108730000
1;1109050000
1;1109370000
1;1109690000
1;1110010000
1;1110330000
1;1110650000
1;1110970000
1;1111290000
1;1111610000
1;1111930000
1;1112250000
1;1112570000
1;1112890000
1;1113210000
1;1113530000
1;1113850000
1;1114170000
1;1114490000
1;1114810000
1;1115130000
1;1115450000
1;1115770000
1;1116090000
1;1116410000
1;1116730000
1;1117050000
1;1117370000
1;1117690000
1;1118010000
1;1118330000
1;1118650000
1;1118970000
1;1119290000
1;1119610000
1;1119930000
1;1120250000
0;1120570000
1;1120890000
1;1121210000
1;1121530000
1;1121850000
1;1122170000
1;1122490000
1;1122810000
1;1123130000
1;1123450000
1;1123770000
1;1124090000
1;1124410000
1;1124730000
1;1125050000
1;1125370000
1;1125690000
0;1126010000
1;1126330000
1;1126650000
1;1126970000
1;1127290000
1;1127610000
1;1127930000
1;1128250000
1;1128570000
1;1128890000
1;1129210000
0;1129530000
1;1129850000
1;1130170000
1;1130490000
1;1130810000
1;1131130000
1;1131450000
1;1131770000
0;1132090000
1;1132410000
1;1132730000
1;1133050000
1;1133370000
1;1133690000
1;1134010000
0;1134330000
1;1134650000
1;1134970000
1;1135290000
1;1135610000
1;1135930000
0;1136250000
1;1136570000
1;1136890000
1;1137210000
1;1137530000
0;1137850000
1;1138170000
1;1138490000
1;1138810000
1;1139130000
0;1139450000
1;1139770000
1;1140090000
1;1140410000
0;1140730000
1;1141050000
1;1141370000
1;1141690000
0;1142010000
1;1142330000
1;1142650000
1;1142970000
0;1143290000
1;1143610000
1;1143930000
1;1144250000
0;1144570000
1;1144890000
1;1145210000
0;1145530000
1;1145850000
1;1146170000
0;1146490000
1;1146810000
1;1147130000
0;1147450000
1;1147770000
1;1148090000
0;1148410000
1;1148730000
1;1149050000
0;1149370000
1;1149690000
1;1150010000
0;1150330000
1;1150650000
1;1150970000
0;1151290000
1;1151610000
0;1151930000
1;1152250000
1;1152570000
0;1152890000
1;1153210000
0;1153530000
1;1153850000
1;1154170000
0;1154490000
1;1154810000
0;1155130000
1;1155450000
0;1155770000
1;1156090000
1;1156410000
0;1156730000
1;1157050000
0;1157370000
1;1157690000
0;1158010000
1;1158330000
0;1158650000
1;1158970000
0;1159290000
1;1159610000
0;1159930000
1;1160250000
0;1160570000
1;1160890000
0;1161210000
1;1161530000
0;1161850000
1;1162170000
0;1162490000
0;1162810000
1;1163130000
0;1163450000
1;1163770000
0;1164090000
1;1164410000
0;1164730000
0;1165050000
1;1165370000
0;1165690000
1;1166010000
0;1166330000
0;1166650000
1;1166970000
0;1167290000
1;1167610000
0;1167930000
0;1168250000
1;1168570000
0;1168890000
0;1169210000
1;1169530000
0;1169850000
0;1170170000
1;1170490000
0;1170810000
0;1171130000
1;1171450000
0;1171770000
0;1172090000
1;1172410000
0;1172730000
0;1173050000
1;1173370000
0;1173690000
0;1174010000
1;1174330000
0;1174650000
0;1174970000
0;1175290000
1;1175610000
0;1175930000
0;1176250000
0;1176570000
1;1176890000
0;1177210000
0;1177530000
0;1177850000
1;1178170000
0;1178490000
0;1178810000
0;1179130000
0;1179450000
1;1179770000
0;1180090000
0;1180410000
0;1180730000
1;1181050000
0;1181370000
0;1181690000
0;1182010000
0;1182330000
0;1182650000
1;1182970000
0;1183290000
0;1183610000
0;1183930000
0;1184250000
0;1184570000
1;1184890000
0;1185210000
0;1185530000
0;1185850000
0;1186170000
0;1186490000
1;1186810000
0;1187130000
0;1187450000
0;1187770000
0;1188090000
0;1188410000
0;1188730000
0;1189050000
0;1189370000
1;1189690000
0;1190010000
0;1190330000
0;1190650000
0;1190970000
0;1191290000
0;1191610000
0;1191930000
0;1192250000
0;1192570000
0;1192890000
1;1193210000
0;1193530000
0;1193850000
0;1194170000
0;1194490000
0;1194810000
0;1195130000
0;1195450000
0;1195770000
0;1196090000
0;1196410000
0;1196730000
0;1197050000
0;1197370000
0;1197690000
0;1198010000
0;1198330000
1;1198650000
0;1198970000
0;1199290000
0;1199610000
0;1199930000
0;1200250000
0;1200570000
0;1200890000
0;1201210000
0;1201530000
0;1201850000
0;1202170000
0;1202490000
0;1202810000
0;1203130000
0;1203450000
0;1203770000
0;1204090000
0;1204410000
0;1204730000
0;1205050000
0;1205370000
0;1205690000
0;1206010000
0;1206330000
0;1206650000
0;1206970000
0;1207290000
0;1207610000
0;1207930000
0;1208250000
0;1208570000
0;1208890000
0;1209210000
0;1209530000
0;1209850000
0;1210170000
0;1210490000
0;1210810000
0;1211130000
0;1211450000
0;1211770000
0;1212090000
0;1212410000
0;1212730000
0;1213050000
0;1213370000
0;1213690000
0;1214010000
0;1214330000
0;1214650000
0;1214970000
0;1215290000
0;1215610000
0;1215930000
0;1216250000
0;1216570000
0;1216890000
0;1217210000
0;1217530000
0;1217850000
0;1218170000
0;1218490000
0;1218810000
0;1219130000
0;1219450000
0;1219770000
0;1220090000
0;1220410000
0;1220730000
0;1221050000
0;1221370000
0;1221690000
0;1222010000
0;1222330000
0;1222650000
0;1222970000
0;1223290000
0;1223610000
0;1223930000
0;1224250000
1;1224570000
0;1224890000
0;1225210000
0;1225530000
0;1225850000
0;1226170000
0;1226490000
0;1226810000
0;1227130000
0;1227450000
0;1227770000
0;1228090000
0;1228410000
0;1228730000
0;1229050000
0;1229370000
0;1229690000
0;1230010000
0;1230330000
1;1230650000
0;1230970000
0;1231290000
0;1231610000
0;1231930000
0;1232250000
0;1232570000
0;1232890000
0;1233210000
0;1233530000
0;1233850000
1;1234170000
0;1234490000
0;1234810000
0;1235130000
0;1235450000
0;1235770000
0;1236090000
0;1236410000
1;1236730000
0;1237050000
0;1237370000
0;1237690000
0;1238010000
0;1238330000
0;1238650000
1;1238970000
0;1239290000
0;1239610000
0;1239930000
0;1240250000
0;1240570000
1;1240890000
0;1241210000
0;1241530000
0;1241850000
0;1242170000
0;1242490000
1;1242810000
0;1243130000
0;1243450000
0;1243770000
0;1244090000
1;1244410000
0;1244730000
0;1245050000
0;1245370000
1;1245690000
0;1246010000
0;1246330000
0;1246650000
1;1246970000
0;1247290000
0;1247610000
0;1247930000
1;1248250000
0;1248570000
0;1248890000
0;1249210000
1;1249530000
0;1249850000
0;1250170000
1;1250490000
0;1250810000
0;1251130000
0;1251450000
1;1251770000
0;1252090000
0;1252410000
1;1252730000
0;1253050000
0;1253370000
1;1253690000
0;1254010000
0;1254330000
1;1254650000
0;1254970000
0;1255290000
1;1255610000
0;1255930000
1;1256250000
0;1256570000
0;1256890000
1;1257210000
0;1257530000
1;1257850000
0;1258170000
0;1258490000
1;1258810000
0;1259130000
1;1259450000
0;1259770000
0;1260090000
1;1260410000
0;1260730000
1;1261050000
0;1261370000
1;1261690000
0;1262010000
1;1262330000
0;1262650000
1;1262970000
0;1263290000
1;1263610000
0;1263930000
1;1264250000
0;1264570000
1;1264890000
0;1265210000
1;1265530000
0;1265850000
1;1266170000
0;1266490000
1;1266810000
0;1267130000
1;1267450000
0;1267770000
1;1268090000
0;1268410000
1;1268730000
0;1269050000
1;1269370000
1;1269690000
0;1270010000
1;1270330000
0;1270650000
1;1270970000
1;1271290000
0;1271610000
1;1271930000
0;1272250000
1;1272570000
1;1272890000
0;1273210000
1;1273530000
1;1273850000
0;1274170000
1;1274490000
0;1274810000
1;1275130000
1;1275450000
0;1275770000
1;1276090000
1;1276410000
0;1276730000
1;1277050000
1;1277370000
0;1277690000
1;1278010000
1;1278330000
1;1278650000
0;1278970000
1;1279290000
1;1279610000
0;1279930000
1;1280250000
1;1280570000
1;1280890000
0;1281210000
1;1281530000
1;1281850000
1;1282170000
0;1282490000
1;1282810000
1;1283130000
1;1283450000
0;1283770000
1;1284090000
1;1284410000
1;1284730000
1;1285050000
0;1285370000
1;1285690000
1;1286010000
1;1286330000
0;1286650000
1;1286970000
1;1287290000
1;1287610000
1;1287930000
1;1288250000
0;1288570000
1;1288890000
1;1289210000
1;1289530000
1;1289850000
1;1290170000
0;1290490000
1;1290810000
1;1291130000
1;1291450000
1;1291770000
1;1292090000
1;1292410000
0;1292730000
1;1293050000
1;1293370000
1;1293690000
1;1294010000
1;1294330000
1;1294650000
1;1294970000
1;1295290000
0;1295610000
1;1295930000
1;1296250000
1;1296570000
1;1296890000
1;1297210000
1;1297530000
1;1297850000
1;1298170000
1;1298490000
1;1298810000
1;1299130000
0;1299450000
1;1299770000
1;1300090000
1;1300410000
1;1300730000
1;1301050000
1;1301370000
1;1301690000
1;1302010000
1;1302330000
1;1302650000
1;1302970000
1;1303290000
1;1303610000
1;1303930000
1;1304250000
1;1304570000
1;1304890000
1;1305210000
1;1305530000
1;1305850000
0;1306170000
1;1306490000
1;1306810000
1;1307130000
1;1307450000
1;1307770000
1;1308090000
1;1308410000
1;1308730000
1;1309050000
1;1309370000
1;1309690000
1;1310010000
1;1310330000
1;1310650000
1;1310970000
1;1311290000
1;1311610000
1;1311930000
1;1312250000
1;1312570000
1;1312890000
1;1313210000
1;1313530000
1;1313850000
1;1314170000
1;1314490000
1;1314810000
1;1315130000
1;1315450000
1;1315770000
1;1316090000
1;1316410000
1;1316730000
1;1317050000
1;1317370000
1;1317690000
1;1318010000
1;1318330000
1;1318650000
1;1318970000
1;1319290000
1;1319610000
1;1319930000
1;1320250000
1;1320570000
1;1320890000
1;1321210000
1;1321530000
1;1321850000
1;1322170000
1;1322490000
1;1322810000
1;1323130000
1;1323450000
1;1323770000
1;1324090000
1;1324410000
1;1324730000
1;1325050000
1;1325370000
1;1325690000
1;1326010000
1;1326330000
1;1326650000
1;1326970000
1;1327290000
1;1327610000
1;1327930000
1;1328250000
1;1328570000
1;1328890000
1;1329210000
1;1329530000
1;1329850000
1;1330170000
1;1330490000
1;1330810000
1;1331130000
0;1331450000
1;1331770000
1;1332090000
1;1332410000
1;1332730000
1;1333050000
1;1333370000
1;1333690000
1;1334010000
1;1334330000
1;1334650000
1;1334970000
1;1335290000
1;1335610000
1;1335930000
1;1336250000
1;1336570000
0;1336890000
1;1337210000
1;1337530000
1;1337850000
1;1338170000
1;1338490000
1;1338810000
1;1339130000
1;1339450000
1;1339770000
0;1340090000
1;1340410000
1;1340730000
1;1341050000
1;1341370000
1;1341690000
1;1342010000
1;1342330000
0;1342650000
1;1342970000
1;1343290000
1;1343610000
1;1343930000
1;1344250000
1;1344570000
0;1344890000
1;1345210000
1;1345530000
1;1345850000
1;1346170000
1;1346490000
0;1346810000
1;1347130000
1;1347450000
1;1347770000
1;1348090000
0;1348410000
1;1348730000
1;1349050000
1;1349370000
1;1349690000
0;1350010000
1;1350330000
1;1350650000
1;1350970000
0;1351290000
1;1351610000
1;1351930000
1;1352250000
0;1352570000
1;1352890000
1;1353210000
1;1353530000
0;1353850000
1;1354170000
1;1354490000
1;1354810000
0;1355130000
1;1355450000
1;1355770000
0;1356090000
1;1356410000
1;1356730000
0;1357050000
1;1357370000
1;1357690000
0;1358010000
1;1358330000
1;1358650000
0;1358970000
1;1359290000
1;1359610000
0;1359930000
1;1360250000
1;1360570000
0;1360890000
1;1361210000
1;1361530000
0;1361850000
1;1362170000
0;1362490000
1;1362810000
1;1363130000
0;1363450000
1;1363770000
0;1364090000
1;1364410000
1;1364730000
0;1365050000
1;1365370000
0;1365690000
1;1366010000
0;1366330000
1;1366650000
1;1366970000
0;1367290000
1;1367610000
0;1367930000
1;1368250000
0;1368570000
1;1368890000
0;1369210000
1;1369530000
0;1369850000
1;1370170000
0;1370490000
1;1370810000
0;1371130000
1;1371450000
0;1371770000
1;1372090000
0;1372410000
1;1372730000
0;1373050000
0;1373370000
1;1373690000
0;1374010000
1;1374330000
0;1374650000
1;1374970000
0;1375290000
0;1375610000
1;1375930000
0;1376250000
1;1376570000
0;1376890000
0;1377210000
1;1377530000
0;1377850000
1;1378170000
0;1378490000
0;1378810000
1;1379130000
0;1379450000
0;1379770000
1;1380090000
0;1380410000
0;1380730000
1;1381050000
0;1381370000
0;1381690000
1;1382010000
0;1382330000
0;1382650000
1;1382970000
0;1383290000
0;1383610000
1;1383930000
0;1384250000
0;1384570000
0;1384890000
1;1385210000
0;1385530000
0;1385850000
1;1386170000
0;1386490000
0;1386810000
0;1387130000
1;1387450000
0;1387770000
0;1388090000
0;1388410000
1;1388730000
0;1389050000
0;1389370000
0;1389690000
0;1390010000
1;1390330000
0;1390650000
0;1390970000
0;1391290000
1;1391610000
0;1391930000
0;1392250000
0;1392570000
0;1392890000
0;1393210000
1;1393530000
0;1393850000
0;1394170000
0;1394490000
0;1394810000
0;1395130000
1;1395450000
0;1395770000
0;1396090000
0;1396410000
0;1396730000
0;1397050000
0;1397370000
1;1397690000
0;1398010000
0;1398330000
0;1398650000
0;1398970000
0;1399290000
0;1399610000
0;1399930000
1;1400250000
0;1400570000
0;1400890000
0;1401210000
0;1401530000
0;1401850000
0;1402170000
0;1402490000
0;1402810000
0;1403130000
0;1403450000
1;1403770000
0;1404090000
0;1404410000
0;1404730000
0;1405050000
0;1405370000
0;1405690000
0;1406010000
0;1406330000
0;1406650000
0;1406970000
0;1407290000
0;1407610000
0;1407930000
0;1408250000
0;1408570000
0;1408890000
0;1409210000
1;1409530000
0;1409850000
0;1410170000
0;1410490000
0;1410810000
0;1411130000
0;1411450000
0;1411770000
0;1412090000
0;1412410000
0;1412730000
0;1413050000
0;1413370000
0;1413690000
0;1414010000
0;1414330000
0;1414650000
0;1414970000
0;1415290000
0;1415610000
0;1415930000
0;1416250000
0;1416570000
0;1416890000
0;1417210000
0;1417530000
0;1417850000
0;1418170000
0;1418490000
0;1418810000
0;1419130000
0;1419450000
0;1419770000
0;1420090000
0;1420410000
0;1420730000
0;1421050000
0;1421370000
0;1421690000
0;1422010000
0;1422330000
0;1422650000
0;1422970000
0;1423290000
0;1423610000
0;1423930000
0;1424250000
0;1424570000
0;1424890000
0;1425210000
0;1425530000
0;1425850000
0;1426170000
0;1426490000
0;1426810000
0;1427130000
0;1427450000
0;1427770000
0;1428090000
0;1428410000
0;1428730000
0;1429050000
0;1429370000
0;1429690000
0;1430010000
0;1430330000
0;1430650000
0;1430970000
0;1431290000
0;1431610000
0;1431930000
0;1432250000
0;1432570000
0;1432890000
0;1433210000
0;1433530000
0;1433850000
0;1434170000
0;1434490000
0;1434810000
0;1435130000
1;1435450000
0;1435770000
0;1436090000
0;1436410000
0;1436730000
0;1437050000
0;1437370000
0;1437690000
0;1438010000
0;1438330000
0;1438650000
0;1438970000
0;1439290000
0;1439610000
0;1439930000
0;1440250000
0;1440570000
0;1440890000
1;1441210000
0;1441530000
0;1441850000
0;1442170000
0;1442490000
0;1442810000
0;1443130000
0;1443450000
0;1443770000
0;1444090000
0;1444410000
1;1444730000
0;1445050000
0;1445370000
0;1445690000
0;1446010000
0;1446330000
0;1446650000
0;1446970000
0;1447290000
1;1447610000
0;1447930000
0;1448250000
0;1448570000
0;1448890000
0;1449210000
0;1449530000
1;1449850000
0;1450170000
0;1450490000
0;1450810000
0;1451130000
0;1451450000
1;1451770000
0;1452090000
0;1452410000
0;1452730000
0;1453050000
1;1453370000
0;1453690000
0;1454010000
0;1454330000
0;1454650000
1;1454970000
0;1455290000
0;1455610000
0;1455930000
1;1456250000
0;1456570000
0;1456890000
0;1457210000
1;1457530000
0;1457850000
0;1458170000
0;1458490000
1;1458810000
0;1459130000
0;1459450000
0;1459770000
1;1460090000
0;1460410000
0;1460730000
1;1461050000
0;1461370000
0;1461690000
0;1462010000
1;1462330000
0;1462650000
0;1462970000
1;1463290000
0;1463610000
0;1463930000
1;1464250000
0;1464570000
0;1464890000
1;1465210000
0;1465530000
0;1465850000
1;1466170000
0;1466490000
1;1466810000
0;1467130000
0;1467450000
1;1467770000
0;1468090000
1;1468410000
0;1468730000
0;1469050000
1;1469370000
0;1469690000
1;1470010000
0;1470330000
0;1470650000
1;1470970000
0;1471290000
1;1471610000
0;1471930000
1;1472250000
0;1472570000
1;1472890000
0;1473210000
1;1473530000
0;1473850000
1;1474170000
0;1474490000
1;1474810000
0;1475130000
1;1475450000
0;1475770000
1;1476090000
0;1476410000
1;1476730000
0;1477050000
1;1477370000
0;1477690000
1;1478010000
0;1478330000
1;1478650000
0;1478970000
1;1479290000
0;1479610000
1;1479930000
1;1480250000
0;1480570000
1;1480890000
0;1481210000
1;1481530000
1;1481850000
0;1482170000
1;1482490000
0;1482810000
1;1483130000
1;1483450000
0;1483770000
1;1484090000
1;1484410000
0;1484730000
1;1485050000
0;1485370000
1;1485690000
1;1486010000
0;1486330000
1;1486650000
1;1486970000
0;1487290000
1;1487610000
1;1487930000
1;1488250000
0;1488570000
1;1488890000
1;1489210000
0;1489530000
1;1489850000
1;1490170000
0;1490490000
1;1490810000
1;1491130000
1;1491450000
0;1491770000
1;1492090000
1;1492410000
1;1492730000
0;1493050000
1;1493370000
1;1493690000
1;1494010000
0;1494330000
1;1494650000
1;1494970000
1;1495290000
1;1495610000
0;1495930000
1;1496250000
1;1496570000
1;1496890000
1;1497210000
0;1497530000
1;1497850000
1;1498170000
1;1498490000
1;1498810000
0;1499130000
1;1499450000
1;1499770000
1;1500090000
1;1500410000
1;1500730000
0;1501050000
1;1501370000
1;1501690000
1;1502010000
1;1502330000
1;1502650000
1;1502970000
1;1503290000
0;1503610000
1;1503930000
1;1504250000
1;1504570000
1;1504890000
1;1505210000
1;1505530000
1;1505850000
0;1506170000
1;1506490000
1;1506810000
1;1507130000
1;1507450000
1;1507770000
1;1508090000
1;1508410000
1;1508730000
1;1509050000
1;1509370000
1;1509690000
0;1510010000
1;1510330000
1;1510650000
1;1510970000
1;1511290000
1;1511610000
1;1511930000
1;1512250000
1;1512570000
1;1512890000
1;1513210000
1;1513530000
1;1513850000
1;1514170000
1;1514490000
1;1514810000
1;1515130000
1;1515450000
1;1515770000
1;1516090000
1;1516410000
1;1516730000
0;1517050000
1;1517370000
1;1517690000
1;1518010000
1;1518330000
1;1518650000
1;1518970000
1;1519290000
1;1519610000
1;1519930000
1;1520250000
1;1520570000
1;1520890000
1;1521210000
1;1521530000
1;1521850000
1;1522170000
1;1522490000
1;1522810000
1;1523130000
1;1523450000
1;1523770000
1;1524090000
1;1524410000
1;1524730000
1;1525050000
1;1525370000
1;1525690000
1;1526010000
1;1526330000
1;1526650000
1;1526970000
1;1527290000
1;1527610000
1;1527930000
1;1528250000
1;1528570000
1;1528890000
1;1529210000
1;1529530000
1;1529850000
1;1530170000
1;1530490000
1;1530810000
1;1531130000
1;1531450000
1;1531770000
1;1532090000
1;1532410000
1;1532730000
1;1533050000
1;1533370000
1;1533690000
1;1534010000
1;1534330000
1;1534650000
1;1534970000
1;1535290000
1;1535610000
1;1535930000
1;1536250000
1;1536570000
1;1536890000
1;1537210000
1;1537530000
1;1537850000
1;1538170000
1;1538490000
1;1538810000
1;1539130000
1;1539450000
1;1539770000
1;1540090000
1;1540410000
1;1540730000
1;1541050000
1;1541370000
1;1541690000
1;1542010000
0;1542330000
1;1542650000
1;1542970000
1;1543290000
1;1543610000
1;1543930000
1;1544250000
1;1544570000
1;1544890000
1;1545210000
1;1545530000
1;1545850000
1;1546170000
1;1546490000
1;1546810000
1;1547130000
0;1547450000
1;1547770000
1;1548090000
1;1548410000
1;1548730000
1;1549050000
1;1549370000
1;1549690000
1;1550010000
1;1550330000
0;1550650000
1;1550970000
1;1551290000
1;1551610000
1;1551930000
1;1552250000
1;1552570000
1;1552890000
0;1553210000
1;1553530000
1;1553850000
1;1554170000
1;1554490000
1;1554810000
1;1555130000
0;1555450000
1;1555770000
1;1556090000
1;1556410000
1;1556730000
1;1557050000
0;1557370000
1;1557690000
1;1558010000
1;1558330000
1;1558650000
0;1558970000
1;1559290000
1;1559610000
1;1559930000
1;1560250000
0;1560570000
1;1560890000
1;1561210000
1;1561530000
0;1561850000
1;1562170000
1;1562490000
1;1562810000
0;1563130000
1;1563450000
1;1563770000
1;1564090000
0;1564410000
1;1564730000
1;1565050000
1;1565370000
0;1565690000
1;1566010000
1;1566330000
0;1566650000
1;1566970000
1;1567290000
0;1567610000
1;1567930000
1;1568250000
1;1568570000
0;1568890000
1;1569210000
1;1569530000
0;1569850000
1;1570170000
0;1570490000
1;1570810000
1;1571130000
0;1571450000
1;1571770000
1;1572090000
0;1572410000
1;1572730000
0;1573050000
1;1573370000
1;1573690000
0;1574010000
1;1574330000
0;1574650000
1;1574970000
1;1575290000
0;1575610000
1;1575930000
0;1576250000
1;1576570000
0;1576890000
1;1577210000
1;1577530000
0;1577850000
1;1578170000
0;1578490000
1;1578810000
0;1579130000
1;1579450000
0;1579770000
1;1580090000
0;1580410000
1;1580730000
0;1581050000
1;1581370000
0;1581690000
1;1582010000
0;1582330000
1;1582650000
0;1582970000
1;1583290000
0;1583610000
0;1583930000
1;1584250000
0;1584570000
1;1584890000
0;1585210000
1;1585530000
0;1585850000
0;1586170000
1;1586490000
0;1586810000
1;1587130000
0;1587450000
0;1587770000
1;1588090000
0;1588410000
1;1588730000
0;1589050000
0;1589370000
1;1589690000
0;1590010000
0;1590330000
1;1590650000
0;1590970000
0;1591290000
1;1591610000
0;1591930000
0;1592250000
1;1592570000
0;1592890000
0;1593210000
1;1593530000
0;1593850000
0;1594170000
1;1594490000
0;1594810000
0;1595130000
0;1595450000
1;1595770000
0;1596090000
0;1596410000
1;1596730000
0;1597050000
0;1597370000
0;1597690000
1;1598010000
0;1598330000
0;1598650000
0;1598970000
1;1599290000
0;1599610000
0;1599930000
0;1600250000
0;1600570000
1;1600890000
0;1601210000
0;1601530000
0;1601850000
0;1602170000
1;1602490000
0;1602810000
0;1603130000
0;1603450000
0;1603770000
1;1604090000
0;1604410000
0;1604730000
0;1605050000
0;1605370000
0;1605690000
1;1606010000
0;1606330000
0;1606650000
0;1606970000
0;1607290000
0;1607610000
0;1607930000
1;1608250000
0;1608570000
0;1608890000
0;1609210000
0;1609530000
0;1609850000
0;1610170000
0;1610490000
0;1610810000
1;1611130000
0;1611450000
0;1611770000
0;1612090000
0;1612410000
0;1612730000
0;1613050000
0;1613370000
0;1613690000
0;1614010000
0;1614330000
1;1614650000
0;1614970000
0;1615290000
0;1615610000
0;1615930000
0;1616250000
0;1616570000
0;1616890000
0;1617210000
0;1617530000
0;1617850000
0;1618170000
0;1618490000
0;1618810000
0;1619130000
0;1619450000
0;1619770000
0;1620090000
1;1620410000
0;1620730000
0;1621050000
0;1621370000
0;1621690000
0;1622010000
0;1622330000
0;1622650000
0;1622970000
0;1623290000
0;1623610000
0;1623930000
0;1624250000
0;1624570000
0;1624890000
0;1625210000
0;1625530000
0;1625850000
0;1626170000
0;1626490000
0;1626810000
0;1627130000
0;1627450000
0;1627770000
0;1628090000
0;1628410000
0;1628730000
0;1629050000
0;1629370000
0;1629690000
0;1630010000
0;1630330000
0;1630650000
0;1630970000
0;1631290000
0;1631610000
0;1631930000
0;1632250000
0;1632570000
0;1632890000
0;1633210000
0;1633530000
0;1633850000
0;1634170000
0;1634490000
0;1634810000
0;1635130000
0;1635450000
0;1635770000
0;1636090000
0;1636410000
0;1636730000
0;1637050000
0;1637370000
0;1637690000
0;1638010000
0;1638330000
0;1638650000
0;1638970000
0;1639290000
0;1639610000
0;1639930000
0;1640250000
0;1640570000
0;1640890000
0;1641210000
0;1641530000
0;1641850000
0;1642170000
0;1642490000
0;1642810000
0;1643130000
0;1643450000
0;1643770000
0;1644090000
0;1644410000
0;1644730000
0;1645050000
0;1645370000
0;1645690000
0;1646010000
1;1646330000
0;1646650000
0;1646970000
0;1647290000
0;1647610000
0;1647930000
0;1648250000
0;1648570000
0;1648890000
0;1649210000
0;1649530000
0;1649850000
0;1650170000
0;1650490000
0;1650810000
0;1651130000
0;1651450000
0;1651770000
1;1652090000
0;1652410000
0;1652730000
0;1653050000
0;1653370000
0;1653690000
0;1654010000
0;1654330000
0;1654650000
0;1654970000
0;1655290000
1;1655610000
0;1655930000
0;1656250000
0;1656570000
0;1656890000
0;1657210000
0;1657530000
0;1657850000
1;1658170000
0;1658490000
0;1658810000
0;1659130000
0;1659450000
0;1659770000
0;1660090000
1;1660410000
0;1660730000
0;1661050000
0;1661370000
0;1661690000
0;1662010000
1;1662330000
0;1662650000
0;1662970000
0;1663290000
0;1663610000
1;1663930000
0;1664250000
0;1664570000
0;1664890000
0;1665210000
1;1665530000
0;1665850000
0;1666170000
0;1666490000
1;1666810000
0;1667130000
0;1667450000
0;1667770000
0;1668090000
1;1668410000
0;1668730000
0;1669050000
1;1669370000
0;1669690000
0;1670010000
0;1670330000
1;1670650000
0;1670970000
0;1671290000
0;1671610000
1;1671930000
0;1672250000
0;1672570000
1;1672890000
0;1673210000
0;1673530000
1;1673850000
0;1674170000
0;1674490000
1;1674810000
0;1675130000
0;1675450000
1;1675770000
0;1676090000
0;1676410000
1;1676730000
0;1677050000
1;1677370000
0;1677690000
0;1678010000
1;1678330000
0;1678650000
1;1678970000
0;1679290000
0;1679610000
1;1679930000
0;1680250000
1;1680570000
0;1680890000
0;1681210000
1;1681530000
0;1681850000
1;1682170000
0;1682490000
1;1682810000
0;1683130000
1;1683450000
0;1683770000
1;1684090000
0;1684410000
1;1684730000
0;1685050000
1;1685370000
0;1685690000
1;1686010000
0;1686330000
1;1686650000
0;1686970000
1;1687290000
0;1687610000
1;1687930000
0;1688250000
1;1688570000
0;1688890000
1;1689210000
0;1689530000
1;1689850000
0;1690170000
1;1690490000
1;1690810000
0;1691130000
1;1691450000
0;1691770000
1;1692090000
1;1692410000
0;1692730000
1;1693050000
0;1693370000
1;1693690000
1;1694010000
0;1694330000
1;1694650000
1;1694970000
0;1695290000
1;1695610000
0;1695930000
1;1696250000
1;1696570000
0;1696890000
1;1697210000
1;1697530000
0;1697850000
1;1698170000
1;1698490000
1;1698810000
0;1699130000
1;1699450000
1;1699770000
0;1700090000
1;1700410000
1;1700730000
0;1701050000
1;1701370000
1;1701690000
1;1702010000
0;1702330000
1;1702650000
1;1702970000
1;1703290000
0;1703610000
1;1703930000
1;1704250000
1;1704570000
0;1704890000
1;1705210000
1;1705530000
1;1705850000
1;1706170000
0;1706490000
1;1706810000
1;1707130000
1;1707450000
1;1707770000
0;1708090000
1;1708410000
1;1708730000
1;1709050000
1;1709370000
0;1709690000
1;1710010000
1;1710330000
1;1710650000
1;1710970000
1;1711290000
1;1711610000
0;1711930000
1;1712250000
1;1712570000
1;1712890000
1;1713210000
1;1713530000
1;1713850000
0;1714170000
1;1714490000
1;1714810000
1;1715130000
1;1715450000
1;1715770000
1;1716090000
1;1716410000
1;1716730000
0;1717050000
1;1717370000
1;1717690000
1;1718010000
1;1718330000
1;1718650000
1;1718970000
1;1719290000
1;1719610000
1;1719930000
1;1720250000
1;1720570000
0;1720890000
1;1721210000
1;1721530000
1;1721850000
1;1722170000
1;1722490000
1;1722810000
1;1723130000
1;1723450000
1;1723770000
1;1724090000
1;1724410000
1;1724730000
1;1725050000
1;1725370000
1;1725690000
1;1726010000
1;1726330000
1;1726650000
1;1726970000
1;1727290000
1;1727610000
1;1727930000
0;1728250000
1;1728570000
1;1728890000
1;1729210000
1;1729530000
1;1729850000
1;1730170000
1;1730490000
1;1730810000
1;1731130000
1;1731450000
1;1731770000
1;1732090000
1;1732410000
1;1732730000
1;1733050000
1;1733370000
1;1733690000
1;1734010000
1;1734330000
1;1734650000
1;1734970000
1;1735290000
1;1735610000
1;1735930000
1;1736250000
1;1736570000
1;1736890000
1;1737210000
1;1737530000
1;1737850000
1;1738170000
1;1738490000
1;1738810000
1;1739130000
1;1739450000
1;1739770000
1;1740090000
1;1740410000
1;1740730000
1;1741050000
1;1741370000
1;1741690000
1;1742010000
1;1742330000
1;1742650000
1;1742970000
1;1743290000
1;1743610000
1;1743930000
1;1744250000
1;1744570000
1;1744890000
1;1745210000
1;1745530000
1;1745850000
1;1746170000
1;1746490000
1;1746810000
1;1747130000
1;1747450000
1;1747770000
1;1748090000
1;1748410000
1;1748730000
1;1749050000
1;1749370000
1;1749690000
1;1750010000
1;1750330000
1;1750650000
1;1750970000
1;1751290000
1;1751610000
1;1751930000
1;1752250000
1;1752570000
1;1752890000
0;1753210000
1;1753530000
1;1753850000
1;1754170000
1;1754490000
1;1754810000
1;1755130000
1;1755450000
1;1755770000
1;1756090000
1;1756410000
1;1756730000
1;1757050000
1;1757370000
1;1757690000
1;1758010000
0;1758330000
1;1758650000
1;1758970000
1;1759290000
1;1759610000
1;1759930000
1;1760250000
1;1760570000
1;1760890000
1;1761210000
0;1761530000
1;1761850000
1;1762170000
1;1762490000
1;1762810000
1;1763130000
1;1763450000
1;1763770000
0;1764090000
1;1764410000
1;1764730000
1;1765050000
1;1765370000
1;1765690000
0;1766010000
1;1766330000
1;1766650000
1;1766970000
1;1767290000
1;1767610000
0;1767930000
1;1768250000
1;1768570000
1;1768890000
1;1769210000
0;1769530000
1;1769850000
1;1770170000
1;1770490000
1;1770810000
0;1771130000
1;1771450000
1;1771770000
1;1772090000
0;1772410000
1;1772730000
1;1773050000
1;1773370000
0;1773690000
1;1774010000
1;1774330000
1;1774650000
0;1774970000
1;1775290000
1;1775610000
1;1775930000
0;1776250000
1;1776570000
1;1776890000
0;1777210000
1;1777530000
1;1777850000
0;1778170000
1;1778490000
1;1778810000
1;1779130000
0;1779450000
1;1779770000
1;1780090000
0;1780410000
1;1780730000
0;1781050000
1;1781370000
1;1781690000
0;1782010000
1;1782330000
1;1782650000
0;1782970000
1;1783290000
0;1783610000
1;1783930000
1;1784250000
0;1784570000
1;1784890000
0;1785210000
1;1785530000
1;1785850000
0;1786170000
1;1786490000
0;1786810000
1;1787130000
0;1787450000
1;1787770000
1;1788090000
0;1788410000
1;1788730000
0;1789050000
1;1789370000
0;1789690000
1;1790010000
0;1790330000
1;1790650000
0;1790970000
1;1791290000
0;1791610000
1;1791930000
0;1792250000
1;1792570000
0;1792890000
1;1793210000
0;1793530000
0;1793850000
1;1794170000
0;1794490000
1;1794810000
0;1795130000
1;1795450000
0;1795770000
1;1796090000
0;1796410000
0;1796730000
1;1797050000
0;1797370000
1;1797690000
0;1798010000
0;1798330000
1;1798650000
0;1798970000
1;1799290000
0;1799610000
0;1799930000
1;1800250000
0;1800570000
0;1800890000
1;1801210000
0;1801530000
0;1801850000
1;1802170000
0;1802490000
0;1802810000
1;1803130000
0;1803450000
0;1803770000
1;1804090000
0;1804410000
0;1804730000
1;1805050000
0;1805370000
0;1805690000
0;1806010000
1;1806330000
0;1806650000
0;1806970000
1;1807290000
0;1807610000
0;1807930000
0;1808250000
1;1808570000
0;1808890000
0;1809210000
0;1809530000
1;1809850000
0;1810170000
0;1810490000
0;1810810000
0;1811130000
1;1811450000
0;1811770000
0;1812090000
0;1812410000
0;1812730000
1;1813050000
0;1813370000
0;1813690000
0;1814010000
0;1814330000
1;1814650000
0;1814970000
0;1815290000
0;1815610000
0;1815930000
0;1816250000
1;1816570000
0;1816890000
0;1817210000
0;1817530000
0;1817850000
0;1818170000
0;1818490000
1;1818810000
0;1819130000
0;1819450000
0;1819770000
0;1820090000
0;1820410000
0;1820730000
0;1821050000
0;1821370000
1;1821690000
0;1822010000
0;1822330000
0;1822650000
0;1822970000
0;1823290000
0;1823610000
0;1823930000
0;1824250000
0;1824570000
0;1824890000
1;1825210000
0;1825530000
0;1825850000
0;1826170000
0;1826490000
0;1826810000
0;1827130000
0;1827450000
0;1827770000
0;1828090000
0;1828410000
0;1828730000
0;1829050000
0;1829370000
0;1829690000
0;1830010000
0;1830330000
0;1830650000
0;1830970000
0;1831290000
1;1831610000
0;1831930000
0;1832250000
0;1832570000
0;1832890000
0;1833210000
0;1833530000
0;1833850000
0;1834170000
0;1834490000
0;1834810000
0;1835130000
0;1835450000
0;1835770000
0;1836090000
0;1836410000
0;1836730000
0;1837050000
0;1837370000
0;1837690000
0;1838010000
0;1838330000
0;1838650000
0;1838970000
0;1839290000
0;1839610000
0;1839930000
0;1840250000
0;1840570000
0;1840890000
0;1841210000
0;1841530000
0;1841850000
0;1842170000
0;1842490000
0;1842810000
0;1843130000
0;1843450000
0;1843770000
0;1844090000
0;1844410000
0;1844730000
0;1845050000
0;1845370000
0;1845690000
0;1846010000
0;1846330000
0;1846650000
0;1846970000
0;1847290000
0;1847610000
0;1847930000
0;1848250000
0;1848570000
0;1848890000
0;1849210000
0;1849530000
0;1849850000
0;1850170000
0;1850490000
0;1850810000
0;1851130000
0;1851450000
0;1851770000
0;1852090000
0;1852410000
0;1852730000
0;1853050000
0;1853370000
0;1853690000
0;1854010000
0;1854330000
0;1854650000
0;1854970000
0;1855290000
0;1855610000
0;1855930000
0;1856250000
0;1856570000
0;1856890000
1;1857210000
0;1857530000
0;1857850000
0;1858170000
0;1858490000
0;1858810000
0;1859130000
0;1859450000
0;1859770000
0;1860090000
0;1860410000
0;1860730000
0;1861050000
0;1861370000
0;1861690000
0;1862010000
0;1862330000
1;1862650000
0;1862970000
0;1863290000
0;1863610000
0;1863930000
0;1864250000
0;1864570000
0;1864890000
0;1865210000
0;1865530000
0;1865850000
1;1866170000
0;1866490000
0;1866810000
0;1867130000
0;1867450000
0;1867770000
0;1868090000
0;1868410000
1;1868730000
0;1869050000
0;1869370000
0;1869690000
0;1870010000
0;1870330000
0;1870650000
1;1870970000
0;1871290000
0;1871610000
0;1871930000
0;1872250000
0;1872570000
1;1872890000
0;1873210000
0;1873530000
0;1873850000
0;1874170000
1;1874490000
0;1874810000
0;1875130000
0;1875450000
0;1875770000
1;1876090000
0;1876410000
0;1876730000
0;1877050000
0;1877370000
1;1877690000
0;1878010000
0;1878330000
0;1878650000
1;1878970000
0;1879290000
0;1879610000
0;1879930000
1;1880250000
0;1880570000
0;1880890000
1;1881210000
0;1881530000
0;1881850000
0;1882170000
1;1882490000
0;1882810000
0;1883130000
1;1883450000
0;1883770000
0;1884090000
1;1884410000
0;1884730000
0;1885050000
1;1885370000
0;1885690000
0;1886010000
1;1886330000
0;1886650000
0;1886970000
1;1887290000
0;1887610000
1;1887930000
0;1888250000
0;1888570000
1;1888890000
0;1889210000
1;1889530000
0;1889850000
0;1890170000
1;1890490000
0;1890810000
1;1891130000
0;1891450000
0;1891770000
1;1892090000
0;1892410000
1;1892730000
0;1893050000
1;1893370000
0;1893690000
1;1894010000
0;1894330000
1;1894650000
0;1894970000
1;1895290000
0;1895610000
1;1895930000
0;1896250000
1;1896570000
0;1896890000
1;1897210000
0;1897530000
1;1897850000
0;1898170000
1;1898490000
0;1898810000
1;1899130000
0;1899450000
1;1899770000
0;1900090000
1;1900410000
0;1900730000
1;1901050000
1;1901370000
0;1901690000
1;1902010000
0;1902330000
1;1902650000
1;1902970000
0;1903290000
1;1903610000
0;1903930000
1;1904250000
1;1904570000
0;1904890000
1;1905210000
1;1905530000
0;1905850000
1;1906170000
0;1906490000
1;1906810000
1;1907130000
0;1907450000
1;1907770000
1;1908090000
0;1908410000
1;1908730000
1;1909050000
1;1909370000
0;1909690000
1;1910010000
1;1910330000
0;1910650000
1;1910970000
1;1911290000
0;1911610000
1;1911930000
1;1912250000
1;1912570000
0;1912890000
1;1913210000
1;1913530000
1;1913850000
0;1914170000
1;1914490000
1;1914810000
1;1915130000
0;1915450000
1;1915770000
1;1916090000
1;1916410000
1;1916730000
0;1917050000
1;1917370000
1;1917690000
1;1918010000
1;1918330000
0;1918650000
1;1918970000
1;1919290000
1;1919610000
1;1919930000
0;1920250000
1;1920570000
1;1920890000
1;1921210000
1;1921530000
1;1921850000
1;1922170000
0;1922490000
1;1922810000
1;1923130000
1;1923450000
1;1923770000
1;1924090000
1;1924410000
0;1924730000
1;1925050000
1;1925370000
1;1925690000
1;1926010000
1;1926330000
1;1926650000
1;1926970000
1;1927290000
0;1927610000
1;1927930000
1;1928250000
1;1928570000
1;1928890000
1;1929210000
1;1929530000
1;1929850000
1;1930170000
1;1930490000
1;1930810000
1;1931130000
1;1931450000
0;1931770000
1;1932090000
1;1932410000
1;1932730000
1;1933050000
1;1933370000
1;1933690000
1;1934010000
1;1934330000
1;1934650000
1;1934970000
1;1935290000
1;1935610000
1;1935930000
1;1936250000
1;1936570000
1;1936890000
1;1937210000
1;1937530000
1;1937850000
1;1938170000
1;1938490000
1;1938810000
1;1939130000
1;1939450000
0;1939770000
1;1940090000
1;1940410000
1;1940730000
1;1941050000
1;1941370000
1;1941690000
1;1942010000
1;1942330000
1;1942650000
1;1942970000
1;1943290000
1;1943610000
1;1943930000
1;1944250000
1;1944570000
1;1944890000
1;1945210000
1;1945530000
1;1945850000
1;1946170000
1;1946490000
1;1946810000
1;1947130000
1;1947450000
1;1947770000
1;1948090000
1;1948410000
1;1948730000
1;1949050000
1;1949370000
1;1949690000
1;1950010000
1;1950330000
1;1950650000
1;1950970000
1;1951290000
1;1951610000
1;1951930000
1;1952250000
1;1952570000
1;1952890000
1;1953210000
1;1953530000
1;1953850000
1;1954170000
1;1954490000
1;1954810000
1;1955130000
1;1955450000
1;1955770000
1;1956090000
1;1956410000
1;1956730000
1;1957050000
1;1957370000
1;1957690000
1;1958010000
1;1958330000
1;1958650000
1;1958970000
1;1959290000
1;1959610000
1;1959930000
1;1960250000
1;1960570000
1;1960890000
1;1961210000
1;1961530000
1;1961850000
1;1962170000
1;1962490000
1;1962810000
1;1963130000
1;1963450000
1;1963770000
0;1964090000
1;1964410000
1;1964730000
1;1965050000
1;1965370000
1;1965690000
1;1966010000
1;1966330000
1;1966650000
1;1966970000
1;1967290000
1;1967610000
1;1967930000
1;1968250000
1;1968570000
0;1968890000
1;1969210000
1;1969530000
1;1969850000
1;1970170000
1;1970490000
1;1970810000
1;1971130000
1;1971450000
1;1971770000
0;1972090000
1;1972410000
1;1972730000
1;1973050000
1;1973370000
1;1973690000
1;1974010000
1;1974330000
0;1974650000
1;1974970000
1;1975290000
1;1975610000
1;1975930000
1;1976250000
0;1976570000
1;1976890000
1;1977210000
1;1977530000
1;1977850000
1;1978170000
0;1978490000
1;1978810000
1;1979130000
1;1979450000
1;1979770000
0;1980090000
1;1980410000
1;1980730000
1;1981050000
1;1981370000
0;1981690000
1;1982010000
1;1982330000
1;1982650000
0;1982970000
1;1983290000
1;1983610000
1;1983930000
1;1984250000
0;1984570000
1;1984890000
1;1985210000
0;1985530000
1;1985850000
1;1986170000
1;1986490000
0;1986810000
1;1987130000
1;1987450000
0;1987770000
1;1988090000
1;1988410000
1;1988730000
0;1989050000
1;1989370000
1;1989690000
0;1990010000
1;1990330000
1;1990650000
0;1990970000
1;1991290000
0;1991610000
1;1991930000
1;1992250000
0;1992570000
1;1992890000
1;1993210000
0;1993530000
1;1993850000
0;1994170000
1;1994490000
1;1994810000
0;1995130000
1;1995450000
0;1995770000
1;1996090000
1;1996410000
0;1996730000
1;1997050000
0;1997370000
1;1997690000
0;1998010000
1;1998330000
1;1998650000
0;1998970000
1;1999290000
0;1999610000
1;1999930000
0;2000250000
1;2000570000
0;2000890000
1;2001210000
0;2001530000
1;2001850000
0;2002170000
1;2002490000
0;2002810000
1;2003130000
0;2003450000
1;2003770000
0;2004090000
0;2004410000
1;2004730000
0;2005050000
1;2005370000
0;2005690000
1;2006010000
0;2006330000
1;2006650000
0;2006970000
0;2007290000
1;2007610000
0;2007930000
1;2008250000
0;2008570000
0;2008890000
1;2009210000
0;2009530000
1;2009850000
0;2010170000
0;2010490000
1;2010810000
0;2011130000
0;2011450000
1;2011770000
0;2012090000
0;2012410000
1;2012730000
0;2013050000
0;2013370000
1;2013690000
0;2014010000
0;2014330000
1;2014650000
0;2014970000
0;2015290000
1;2015610000
0;2015930000
0;2016250000
0;2016570000
1;2016890000
0;2017210000
0;2017530000
1;2017850000
0;2018170000
0;2018490000
0;2018810000
1;2019130000
0;2019450000
0;2019770000
0;2020090000
0;2020410000
1;2020730000
0;2021050000
0;2021370000
0;2021690000
1;2022010000
0;2022330000
0;2022650000
0;2022970000
0;2023290000
1;2023610000
0;2023930000
0;2024250000
0;2024570000
0;2024890000
1;2025210000
0;2025530000
0;2025850000
0;2026170000
0;2026490000
0;2026810000
1;2027130000
0;2027450000
0;2027770000
0;2028090000
0;2028410000
0;2028730000
0;2029050000
0;2029370000
1;2029690000
0;2030010000
0;2030330000
0;2030650000
0;2030970000
0;2031290000
0;2031610000
0;2031930000
1;2032250000
0;2032570000
0;2032890000
0;2033210000
0;2033530000
0;2033850000
0;2034170000
0;2034490000
0;2034810000
0;2035130000
0;2035450000
0;2035770000
1;2036090000
0;2036410000
0;2036730000
0;2037050000
0;2037370000
0;2037690000
0;2038010000
0;2038330000
0;2038650000
0;2038970000
0;2039290000
0;2039610000
0;2039930000
0;2040250000
0;2040570000
0;2040890000
0;2041210000
0;2041530000
0;2041850000
0;2042170000
1;2042490000
0;2042810000
0;2043130000
0;2043450000
0;2043770000
0;2044090000
0;2044410000
0;2044730000
0;2045050000
0;2045370000
0;2045690000
0;2046010000
0;2046330000
0;2046650000
0;2046970000
0;2047290000
0;2047610000
0;2047930000
0;2048250000
0;2048570000
0;2048890000
0;2049210000
0;2049530000
0;2049850000
0;2050170000
0;2050490000
0;2050810000
0;2051130000
0;2051450000
0;2051770000
0;2052090000
0;2052410000
0;2052730000
0;2053050000
0;2053370000
0;2053690000
0;2054010000
0;2054330000
0;2054650000
0;2054970000
0;2055290000
0;2055610000
0;2055930000
0;2056250000
0;2056570000
0;2056890000
0;2057210000
0;2057530000
0;2057850000
0;2058170000
0;2058490000
0;2058810000
0;2059130000
0;2059450000
0;2059770000
0;2060090000
0;2060410000
0;2060730000
0;2061050000
0;2061370000
0;2061690000
0;2062010000
0;2062330000
0;2062650000
0;2062970000
0;2063290000
0;2063610000
0;2063930000
0;2064250000
0;2064570000
0;2064890000
0;2065210000
0;2065530000
0;2065850000
0;2066170000
0;2066490000
0;2066810000
0;2067130000
0;2067450000
0;2067770000
1;2068090000
0;2068410000
0;2068730000
0;2069050000
0;2069370000
0;2069690000
0;2070010000
0;2070330000
0;2070650000
0;2070970000
0;2071290000
0;2071610000
0;2071930000
0;2072250000
0;2072570000
0;2072890000
0;2073210000
1;2073530000
0;2073850000
0;2074170000
0;2074490000
0;2074810000
0;2075130000
0;2075450000
0;2075770000
0;2076090000
0;2076410000
1;2076730000
0;2077050000
0;2077370000
0;2077690000
0;2078010000
0;2078330000
0;2078650000
0;2078970000
1;2079290000
0;2079610000
0;2079930000
0;2080250000
0;2080570000
0;2080890000
0;2081210000
1;2081530000
0;2081850000
0;2082170000
0;2082490000
0;2082810000
0;2083130000
1;2083450000
0;2083770000
0;2084090000
0;2084410000
0;2084730000
1;2085050000
0;2085370000
0;2085690000
0;2086010000
0;2086330000
1;2086650000
0;2086970000
0;2087290000
0;2087610000
0;2087930000
1;2088250000
0;2088570000
0;2088890000
0;2089210000
1;2089530000
0;2089850000
0;2090170000
0;2090490000
1;2090810000
0;2091130000
0;2091450000
1;2091770000
0;2092090000
0;2092410000
0;2092730000
1;2093050000
0;2093370000
0;2093690000
1;2094010000
0;2094330000
0;2094650000
1;2094970000
0;2095290000
0;2095610000
1;2095930000
0;2096250000
0;2096570000
1;2096890000
0;2097210000
0;2097530000
1;2097850000
0;2098170000
1;2098490000
0;2098810000
0;2099130000
1;2099450000
0;2099770000
0;2100090000
1;2100410000
0;2100730000
1;2101050000
0;2101370000
1;2101690000
0;2102010000
0;2102330000
1;2102650000
0;2102970000
1;2103290000
0;2103610000
1;2103930000
0;2104250000
1;2104570000
0;2104890000
1;2105210000
0;2105530000
1;2105850000
0;2106170000
0;2106490000
