0;0.2
0;0.4
0;0.8
0;1.2
1;1.4
0;1.8
1;2.0
0;2.4
1;2.8
0;3.0
1;3.4
0;3.6
1;4.0
0;4.4
1;4.6
0;5.0
1;5.2
1;5.6
0;6.0
1;6.2
0;6.6
1;6.8
1;7.2
0;7.6
1;7.8
1;8.2
0;8.4
1;8.8
1;9.2
0;9.4
1;9.8
1;10.0
0;10.4
1;10.8
1;11.0
0;11.4
1;11.6
1;12.0
1;12.4
0;12.6
1;13.0
1;13.2
0;13.6
1;14.0
1;14.2
1;14.6
1;14.8
0;15.2
1;15.6
1;15.8
1;16.2
0;16.4
1;16.8
1;17.2
1;17.4
1;17.8
1;18.0
0;18.4
1;18.8
1;19.0
1;19.4
1;19.6
1;20.0
1;20.4
0;20.6
1;21.0
1;21.2
1;21.6
1;22.0
1;22.2
1;22.6
1;22.8
0;23.2
1;23.6
1;23.8
1;24.2
1;24.4
1;24.8
1;25.2
1;25.4
1;25.8
1;26.0
1;26.4
1;26.8
1;27.0
1;27.4
0;27.6
1;28.0
1;28.4
1;28.6
1;29.0
1;29.2
1;29.6
1;30.0
1;30.2
1;30.6
1;30.8
1;31.2
1;31.6
1;31.8
1;32.2
1;32.4
1;32.8
1;33.2
1;33.4
1;33.8
1;34.0
1;34.4
1;34.8
1;35.0
1;35.4
1;35.6
1;36.0
1;36.4
1;36.6
1;37.0
1;37.2
1;37.6
1;38.0
1;38.2
1;38.6
1;38.8
1;39.2
1;39.6
1;39.8
1;40.2
1;40.4
1;40.8
1;41.2
1;41.4
1;41.8
1;42.0
1;42.4
1;42.8
1;43.0
1;43.4
1;43.6
1;44.0
1;44.4
1;44.6
1;45.0
1;45.2
1;45.6
1;46.0
1;46.2
1;46.6
1;46.8
1;47.2
1;47.6
1;47.8
0;48.2
1;48.4
1;48.8
1;49.2
1;49.4
1;49.8
1;50.0
1;50.4
1;50.8
1;51.0
1;51.4
1;51.6
1;52.0
1;52.4
0;52.6
1;53.0
1;53.2
1;53.6
1;54.0
1;54.2
1;54.6
1;54.8
1;55.2
0;55.6
1;55.8
1;56.2
1;56.4
1;56.8
1;57.2
0;57.4
1;57.8
1;58.0
1;58.4
1;58.8
1;59.0
0;59.4
1;59.6
1;60.0
1;60.4
1;60.6
0;61.0
1;61.2
1;61.6
1;62.0
0;62.2
1;62.6
1;62.8
1;63.2
0;63.6
1;63.8
1;64.2
0;64.4
1;64.8
1;65.2
1;65.4
0;65.8
1;66.0
1;66.4
0;66.8
1;67.0
1;67.4
0;67.6
1;68.0
0;68.4
1;68.6
1;69.0
0;69.2
1;69.6
1;70.0
0;70.2
1;70.6
0;70.8
1;71.2
0;71.6
1;71.8
1;72.2
0;72.4
1;72.8
0;73.2
1;73.4
0;73.8
1;74.0
0;74.4
1;74.8
0;75.0
1;75.4
0;75.6
1;76.0
0;76.4
1;76.6
0;77.0
0;77.2
1;77.6
0;78.0
1;78.2
0;78.6
1;78.8
0;79.2
0;79.6
1;79.8
0;80.2
0;80.4
1;80.8
0;81.2
1;81.4
0;81.8
0;82.0
1;82.4
0;82.8
0;83.0
1;83.4
0;83.6
0;84.0
0;84.4
1;84.6
0;85.0
0;85.2
1;85.6
0;86.0
0;86.2
0;86.6
1;86.8
0;87.2
0;87.6
0;87.8
1;88.2
0;88.4
0;88.8
0;89.2
0;89.4
1;89.8
0;90.0
0;90.4
0;90.8
0;91.0
0;91.4
1;91.6
0;92.0
0;92.4
0;92.6
0;93.0
0;93.2
1;93.6
0;94.0
0;94.2
0;94.6
0;94.8
0;95.2
0;95.6
0;95.8
0;96.2
1;96.4
0;96.8
0;97.2
0;97.4
0;97.8
0;98.0
0;98.4
0;98.8
0;99.0
0;99.4
0;99.6
0;100.0
0;100.4
0;100.6
0;101.0
1;101.2
0;101.6
0;102.0
0;102.2
0;102.6
0;102.8
0;103.2
0;103.6
0;103.8
0;104.2
0;104.4
0;104.8
0;105.2
0;105.4
0;105.8
0;106.0
0;106.4
0;106.8
0;107.0
0;107.4
0;107.6
0;108.0
0;108.4
0;108.6
0;109.0
0;109.2
0;109.6
0;110.0
0;110.2
0;110.6
0;110.8
0;111.2
0;111.6
0;111.8
0;112.2
0;112.4
0;112.8
0;113.2
0;113.4
0;113.8
0;114.0
0;114.4
0;114.8
0;115.0
0;115.4
0;115.6
0;116.0
0;116.4
0;116.6
0;117.0
0;117.2
0;117.6
0;118.0
0;118.2
0;118.6
0;118.8
0;119.2
0;119.6
0;119.8
0;120.2
0;120.4
0;120.8
0;121.2
0;121.4
1;121.8
0;122.0
0;122.4
0;122.8
0;123.0
0;123.4
0;123.6
0;124.0
0;124.4
0;124.6
0;125.0
0;125.2
0;125.6
1;126.0
0;126.2
0;126.6
0;126.8
0;127.2
0;127.6
0;127.8
0;128.2
0;128.4
1;128.8
0;129.2
0;129.4
0;129.8
0;130.0
0;130.4
1;130.8
0;131.0
0;131.4
0;131.6
0;132.0
0;132.4
1;132.6
0;133.0
0;133.2
0;133.6
1;134.0
0;134.2
0;134.6
0;134.8
0;135.2
1;135.6
0;135.8
0;136.2
0;136.4
1;136.8
0;137.2
0;137.4
1;137.8
0;138.0
0;138.4
1;138.8
0;139.0
0;139.4
1;139.6
0;140.0
0;140.4
1;140.6
0;141.0
0;141.2
1;141.6
0;142.0
0;142.2
1;142.6
0;142.8
1;143.2
0;143.6
0;143.8
1;144.2
0;144.4
1;144.8
0;145.2
1;145.4
0;145.8
1;146.0
0;146.4
1;146.8
0;147.0
0;147.4
1;147.6
1;148.0
0;148.4
1;148.6
0;149.0
1;149.2
0;149.6
1;150.0
0;150.2
1;150.6
0;150.8
1;151.2
1;151.6
0;151.8
1;152.2
0;152.4
1;152.8
1;153.2
0;153.4
1;153.8
0;154.0
1;154.4
1;154.8
0;155.0
1;155.4
1;155.6
0;156.0
1;156.4
1;156.6
0;157.0
1;157.2
1;157.6
1;158.0
0;158.2
1;158.6
1;158.8
1;159.2
0;159.6
1;159.8
1;160.2
1;160.4
0;160.8
1;161.2
1;161.4
1;161.8
0;162.0
1;162.4
1;162.8
1;163.0
1;163.4
0;163.6
1;164.0
1;164.4
1;164.6
1;165.0
1;165.2
0;165.6
1;166.0
1;166.2
1;166.6
1;166.8
1;167.2
1;167.6
1;167.8
0;168.2
1;168.4
1;168.8
1;169.2
1;169.4
1;169.8
1;170.0
1;170.4
1;170.8
1;171.0
1;171.4
0;171.6
1;172.0
1;172.4
1;172.6
1;173.0
1;173.2
1;173.6
1;174.0
1;174.2
1;174.6
1;174.8
1;175.2
1;175.6
1;175.8
1;176.2
1;176.4
1;176.8
1;177.2
1;177.4
1;177.8
1;178.0
1;178.4
1;178.8
1;179.0
1;179.4
1;179.6
1;180.0
1;180.4
1;180.6
1;181.0
1;181.2
1;181.6
1;182.0
1;182.2
1;182.6
1;182.8
1;183.2
1;183.6
1;183.8
1;184.2
1;184.4
1;184.8
1;185.2
1;185.4
1;185.8
1;186.0
1;186.4
1;186.8
1;187.0
1;187.4
1;187.6
1;188.0
1;188.4
0;188.6
1;189.0
1;189.2
1;189.6
1;190.0
1;190.2
1;190.6
1;190.8
1;191.2
1;191.6
1;191.8
1;192.2
1;192.4
1;192.8
1;193.2
1;193.4
1;193.8
1;194.0
1;194.4
1;194.8
1;195.0
1;195.4
1;195.6
1;196.0
1;196.4
1;196.6
1;197.0
0;197.2
1;197.6
1;198.0
1;198.2
1;198.6
1;198.8
1;199.2
1;199.6
1;199.8
1;200.2
0;200.4
1;200.8
1;201.2
1;201.4
1;201.8
1;202.0
1;202.4
1;202.8
0;203.0
1;203.4
1;203.6
1;204.0
1;204.4
1;204.6
0;205.0
1;205.2
1;205.6
1;206.0
1;206.2
0;206.6
1;206.8
1;207.2
1;207.6
0;207.8
1;208.2
1;208.4
1;208.8
0;209.2
1;209.4
1;209.8
1;210.0
0;210.4
1;210.8
1;211.0
0;211.4
1;211.6
1;212.0
0;212.4
1;212.6
1;213.0
0;213.2
1;213.6
1;214.0
0;214.2
1;214.6
1;214.8
0;215.2
1;215.6
0;215.8
1;216.2
1;216.4
0;216.8
1;217.2
0;217.4
1;217.8
1;218.0
0;218.4
1;218.8
0;219.0
1;219.4
0;219.6
1;220.0
0;220.4
1;220.6
0;221.0
1;221.2
0;221.6
1;222.0
0;222.2
1;222.6
0;222.8
0;223.2
1;223.6
0;223.8
1;224.2
0;224.4
1;224.8
0;225.2
0;225.4
1;225.8
0;226.0
1;226.4
0;226.8
0;227.0
1;227.4
0;227.6
0;228.0
1;228.4
0;228.6
0;229.0
1;229.2
0;229.6
0;230.0
1;230.2
0;230.6
0;230.8
1;231.2
0;231.6
0;231.8
0;232.2
1;232.4
0;232.8
0;233.2
0;233.4
1;233.8
0;234.0
0;234.4
0;234.8
0;235.0
1;235.4
0;235.6
0;236.0
0;236.4
0;236.6
1;237.0
0;237.2
0;237.6
0;238.0
0;238.2
0;238.6
1;238.8
0;239.2
0;239.6
0;239.8
0;240.2
0;240.4
0;240.8
0;241.2
1;241.4
0;241.8
0;242.0
0;242.4
0;242.8
0;243.0
0;243.4
0;243.6
0;244.0
0;244.4
0;244.6
1;245.0
0;245.2
0;245.6
0;246.0
0;246.2
0;246.6
0;246.8
0;247.2
0;247.6
0;247.8
0;248.2
0;248.4
0;248.8
0;249.2
0;249.4
0;249.8
0;250.0
0;250.4
0;250.8
0;251.0
0;251.4
0;251.6
0;252.0
0;252.4
0;252.6
0;253.0
0;253.2
0;253.6
0;254.0
0;254.2
0;254.6
0;254.8
0;255.2
0;255.6
0;255.8
0;256.2
0;256.4
0;256.8
0;257.2
0;257.4
0;257.8
0;258.0
0;258.4
0;258.8
0;259.0
0;259.4
0;259.6
0;260.0
0;260.4
0;260.6
0;261.0
0;261.2
0;261.6
0;262.0
0;262.2
0;262.6
0;262.8
1;263.2
0;263.6
0;263.8
0;264.2
0;264.4
0;264.8
0;265.2
0;265.4
0;265.8
0;266.0
0;266.4
0;266.8
0;267.0
0;267.4
0;267.6
0;268.0
0;268.4
0;268.6
0;269.0
0;269.2
0;269.6
0;270.0
0;270.2
1;270.6
0;270.8
0;271.2
0;271.6
0;271.8
0;272.2
0;272.4
0;272.8
0;273.2
0;273.4
1;273.8
0;274.0
0;274.4
0;274.8
0;275.0
0;275.4
0;275.6
1;276.0
0;276.4
0;276.6
0;277.0
0;277.2
0;277.6
1;278.0
0;278.2
0;278.6
0;278.8
0;279.2
1;279.6
0;279.8
0;280.2
0;280.4
0;280.8
1;281.2
0;281.4
0;281.8
0;282.0
1;282.4
0;282.8
0;283.0
1;283.4
0;283.6
0;284.0
0;284.4
1;284.6
0;285.0
0;285.2
1;285.6
0;286.0
0;286.2
1;286.6
0;286.8
0;287.2
1;287.6
0;287.8
1;288.2
0;288.4
0;288.8
1;289.2
0;289.4
1;289.8
0;290.0
0;290.4
1;290.8
0;291.0
1;291.4
0;291.6
1;292.0
0;292.4
1;292.6
0;293.0
1;293.2
0;293.6
1;294.0
0;294.2
1;294.6
0;294.8
1;295.2
0;295.6
1;295.8
0;296.2
1;296.4
0;296.8
1;297.2
0;297.4
1;297.8
1;298.0
0;298.4
1;298.8
0;299.0
1;299.4
1;299.6
0;300.0
1;300.4
1;300.6
0;301.0
1;301.2
1;301.6
0;302.0
1;302.2
1;302.6
0;302.8
1;303.2
1;303.6
0;303.8
1;304.2
1;304.4
1;304.8
0;305.2
1;305.4
1;305.8
1;306.0
0;306.4
1;306.8
1;307.0
1;307.4
0;307.6
1;308.0
1;308.4
1;308.6
1;309.0
0;309.2
1;309.6
1;310.0
1;310.2
1;310.6
0;310.8
1;311.2
1;311.6
1;311.8
1;312.2
1;312.4
1;312.8
0;313.2
1;313.4
1;313.8
1;314.0
1;314.4
1;314.8
1;315.0
1;315.4
1;315.6
0;316.0
1;316.4
1;316.6
1;317.0
1;317.2
1;317.6
1;318.0
1;318.2
1;318.6
1;318.8
1;319.2
1;319.6
1;319.8
1;320.2
1;320.4
0;320.8
1;321.2
1;321.4
1;321.8
1;322.0
1;322.4
1;322.8
1;323.0
1;323.4
1;323.6
1;324.0
1;324.4
1;324.6
1;325.0
1;325.2
1;325.6
1;326.0
1;326.2
1;326.6
1;326.8
1;327.2
1;327.6
1;327.8
1;328.2
1;328.4
1;328.8
1;329.2
1;329.4
1;329.8
1;330.0
1;330.4
1;330.8
1;331.0
1;331.4
1;331.6
1;332.0
1;332.4
1;332.6
1;333.0
1;333.2
1;333.6
1;334.0
1;334.2
1;334.6
1;334.8
1;335.2
1;335.6
1;335.8
1;336.2
1;336.4
1;336.8
1;337.2
1;337.4
1;337.8
1;338.0
1;338.4
1;338.8
1;339.0
1;339.4
1;339.6
1;340.0
1;340.4
1;340.6
1;341.0
0;341.2
1;341.6
1;342.0
1;342.2
1;342.6
1;342.8
1;343.2
1;343.6
1;343.8
1;344.2
1;344.4
1;344.8
1;345.2
0;345.4
1;345.8
1;346.0
1;346.4
1;346.8
1;347.0
1;347.4
1;347.6
0;348.0
1;348.4
1;348.6
1;349.0
1;349.2
1;349.6
1;350.0
0;350.2
1;350.6
1;350.8
1;351.2
1;351.6
0;351.8
1;352.2
1;352.4
1;352.8
1;353.2
0;353.4
1;353.8
1;354.0
1;354.4
0;354.8
1;355.0
1;355.4
1;355.6
0;356.0
1;356.4
1;356.6
1;357.0
0;357.2
1;357.6
1;358.0
0;358.2
1;358.6
1;358.8
0;359.2
1;359.6
1;359.8
0;360.2
1;360.4
1;360.8
0;361.2
1;361.4
0;361.8
1;362.0
1;362.4
0;362.8
1;363.0
0;363.4
1;363.6
0;364.0
1;364.4
1;364.6
0;365.0
1;365.2
0;365.6
1;366.0
0;366.2
1;366.6
0;366.8
1;367.2
0;367.6
1;367.8
0;368.2
1;368.4
0;368.8
1;369.2
0;369.4
0;369.8
1;370.0
0;370.4
1;370.8
0;371.0
1;371.4
0;371.6
0;372.0
1;372.4
0;372.6
0;373.0
1;373.2
0;373.6
1;374.0
0;374.2
0;374.6
1;374.8
0;375.2
0;375.6
1;375.8
0;376.2
0;376.4
0;376.8
1;377.2
0;377.4
0;377.8
1;378.0
0;378.4
0;378.8
0;379.0
1;379.4
0;379.6
0;380.0
0;380.4
0;380.6
1;381.0
0;381.2
0;381.6
0;382.0
1;382.2
0;382.6
0;382.8
0;383.2
0;383.6
0;383.8
1;384.2
0;384.4
0;384.8
0;385.2
0;385.4
0;385.8
0;386.0
1;386.4
0;386.8
0;387.0
0;387.4
0;387.6
0;388.0
0;388.4
0;388.6
0;389.0
1;389.2
0;389.6
0;390.0
0;390.2
0;390.6
0;390.8
0;391.2
0;391.6
0;391.8
0;392.2
0;392.4
0;392.8
0;393.2
0;393.4
0;393.8
0;394.0
1;394.4
0;394.8
0;395.0
0;395.4
0;395.6
0;396.0
0;396.4
0;396.6
0;397.0
0;397.2
0;397.6
0;398.0
0;398.2
0;398.6
0;398.8
0;399.2
0;399.6
0;399.8
0;400.2
0;400.4
0;400.8
0;401.2
0;401.4
0;401.8
0;402.0
0;402.4
0;402.8
0;403.0
0;403.4
0;403.6
0;404.0
0;404.4
0;404.6
0;405.0
0;405.2
0;405.6
0;406.0
0;406.2
0;406.6
0;406.8
0;407.2
0;407.6
0;407.8
0;408.2
0;408.4
0;408.8
0;409.2
0;409.4
0;409.8
0;410.0
0;410.4
0;410.8
0;411.0
0;411.4
0;411.6
0;412.0
0;412.4
0;412.6
0;413.0
0;413.2
0;413.6
0;414.0
0;414.2
1;414.6
0;414.8
0;415.2
0;415.6
0;415.8
0;416.2
0;416.4
0;416.8
0;417.2
0;417.4
0;417.8
0;418.0
0;418.4
1;418.8
0;419.0
0;419.4
0;419.6
0;420.0
0;420.4
0;420.6
0;421.0
1;421.2
0;421.6
0;422.0
0;422.2
0;422.6
0;422.8
0;423.2
1;423.6
0;423.8
0;424.2
0;424.4
0;424.8
1;425.2
0;425.4
0;425.8
0;426.0
0;426.4
1;426.8
0;427.0
0;427.4
0;427.6
1;428.0
0;428.4
0;428.6
0;429.0
1;429.2
0;429.6
0;430.0
1;430.2
0;430.6
0;430.8
1;431.2
0;431.6
0;431.8
0;432.2
1;432.4
0;432.8
1;433.2
0;433.4
0;433.8
1;434.0
0;434.4
0;434.8
1;435.0
0;435.4
1;435.6
0;436.0
0;436.4
1;436.6
0;437.0
1;437.2
0;437.6
1;438.0
0;438.2
1;438.6
0;438.8
1;439.2
0;439.6
0;439.8
1;440.2
1;440.4
0;440.8
1;441.2
0;441.4
1;441.8
0;442.0
1;442.4
0;442.8
1;443.0
0;443.4
1;443.6
1;444.0
0;444.4
1;444.6
0;445.0
1;445.2
1;445.6
0;446.0
1;446.2
0;446.6
1;446.8
1;447.2
0;447.6
1;447.8
1;448.2
0;448.4
1;448.8
1;449.2
1;449.4
0;449.8
1;450.0
1;450.4
0;450.8
1;451.0
1;451.4
1;451.6
0;452.0
1;452.4
1;452.6
1;453.0
0;453.2
1;453.6
1;454.0
1;454.2
0;454.6
1;454.8
1;455.2
1;455.6
1;455.8
1;456.2
0;456.4
1;456.8
1;457.2
1;457.4
1;457.8
1;458.0
0;458.4
1;458.8
1;459.0
1;459.4
1;459.6
1;460.0
1;460.4
1;460.6
0;461.0
1;461.2
1;461.6
1;462.0
1;462.2
1;462.6
1;462.8
1;463.2
1;463.6
1;463.8
1;464.2
0;464.4
1;464.8
1;465.2
1;465.4
1;465.8
1;466.0
1;466.4
1;466.8
1;467.0
1;467.4
1;467.6
1;468.0
1;468.4
1;468.6
1;469.0
1;469.2
1;469.6
1;470.0
1;470.2
1;470.6
1;470.8
1;471.2
1;471.6
1;471.8
1;472.2
1;472.4
1;472.8
1;473.2
1;473.4
1;473.8
1;474.0
1;474.4
1;474.8
1;475.0
1;475.4
1;475.6
1;476.0
1;476.4
1;476.6
1;477.0
1;477.2
1;477.6
1;478.0
1;478.2
1;478.6
1;478.8
1;479.2
1;479.6
1;479.8
1;480.2
1;480.4
1;480.8
1;481.2
1;481.4
1;481.8
1;482.0
1;482.4
1;482.8
1;483.0
0;483.4
1;483.6
1;484.0
1;484.4
1;484.6
1;485.0
1;485.2
1;485.6
1;486.0
1;486.2
1;486.6
1;486.8
1;487.2
1;487.6
1;487.8
1;488.2
1;488.4
1;488.8
1;489.2
1;489.4
1;489.8
0;490.0
1;490.4
1;490.8
1;491.0
1;491.4
1;491.6
1;492.0
1;492.4
1;492.6
1;493.0
0;493.2
1;493.6
1;494.0
1;494.2
1;494.6
1;494.8
1;495.2
0;495.6
1;495.8
1;496.2
1;496.4
1;496.8
1;497.2
0;497.4
1;497.8
1;498.0
1;498.4
1;498.8
0;499.0
1;499.4
1;499.6
1;500.0
0;500.4
1;500.6
1;501.0
1;501.2
0;501.6
1;502.0
1;502.2
1;502.6
0;502.8
1;503.2
1;503.6
0;503.8
1;504.2
1;504.4
0;504.8
1;505.2
1;505.4
0;505.8
1;506.0
1;506.4
0;506.8
1;507.0
1;507.4
0;507.6
1;508.0
0;508.4
1;508.6
1;509.0
0;509.2
1;509.6
0;510.0
1;510.2
1;510.6
0;510.8
1;511.2
0;511.6
1;511.8
0;512.2
1;512.4
0;512.8
1;513.2
0;513.4
1;513.8
0;514.0
1;514.4
0;514.8
1;515.0
0;515.4
0;515.6
1;516.0
0;516.4
1;516.6
0;517.0
1;517.2
0;517.6
0;518.0
1;518.2
0;518.6
1;518.8
0;519.2
0;519.6
1;519.8
0;520.2
0;520.4
1;520.8
0;521.2
0;521.4
1;521.8
0;522.0
0;522.4
1;522.8
0;523.0
0;523.4
0;523.6
1;524.0
0;524.4
0;524.6
1;525.0
0;525.2
0;525.6
0;526.0
0;526.2
1;526.6
0;526.8
0;527.2
0;527.6
1;527.8
0;528.2
0;528.4
0;528.8
0;529.2
1;529.4
0;529.8
0;530.0
0;530.4
0;530.8
0;531.0
0;531.4
1;531.6
0;532.0
0;532.4
0;532.6
0;533.0
0;533.2
0;533.6
0;534.0
1;534.2
0;534.6
0;534.8
0;535.2
0;535.6
0;535.8
0;536.2
0;536.4
0;536.8
0;537.2
0;537.4
1;537.8
0;538.0
0;538.4
0;538.8
0;539.0
0;539.4
0;539.6
0;540.0
0;540.4
0;540.6
0;541.0
0;541.2
0;541.6
0;542.0
0;542.2
0;542.6
0;542.8
0;543.2
0;543.6
0;543.8
0;544.2
0;544.4
0;544.8
0;545.2
0;545.4
0;545.8
0;546.0
0;546.4
0;546.8
0;547.0
0;547.4
0;547.6
0;548.0
0;548.4
0;548.6
0;549.0
0;549.2
0;549.6
0;550.0
0;550.2
0;550.6
0;550.8
0;551.2
0;551.6
0;551.8
0;552.2
0;552.4
0;552.8
0;553.2
0;553.4
0;553.8
0;554.0
0;554.4
0;554.8
0;555.0
0;555.4
0;555.6
0;556.0
0;556.4
0;556.6
0;557.0
1;557.2
0;557.6
0;558.0
0;558.2
0;558.6
0;558.8
0;559.2
0;559.6
0;559.8
0;560.2
0;560.4
0;560.8
0;561.2
0;561.4
0;561.8
0;562.0
0;562.4
0;562.8
0;563.0
1;563.4
0;563.6
0;564.0
0;564.4
0;564.6
0;565.0
0;565.2
0;565.6
0;566.0
0;566.2
1;566.6
0;566.8
0;567.2
0;567.6
0;567.8
0;568.2
0;568.4
1;568.8
0;569.2
0;569.4
0;569.8
0;570.0
0;570.4
1;570.8
0;571.0
0;571.4
0;571.6
0;572.0
1;572.4
0;572.6
0;573.0
0;573.2
1;573.6
0;574.0
0;574.2
0;574.6
1;574.8
0;575.2
0;575.6
0;575.8
1;576.2
0;576.4
0;576.8
1;577.2
0;577.4
0;577.8
1;578.0
0;578.4
0;578.8
1;579.0
0;579.4
0;579.6
1;580.0
0;580.4
0;580.6
1;581.0
0;581.2
1;581.6
0;582.0
1;582.2
0;582.6
0;582.8
1;583.2
0;583.6
1;583.8
0;584.2
1;584.4
0;584.8
1;585.2
0;585.4
1;585.8
0;586.0
1;586.4
0;586.8
1;587.0
0;587.4
1;587.6
0;588.0
1;588.4
0;588.6
1;589.0
0;589.2
1;589.6
0;590.0
1;590.2
1;590.6
0;590.8
1;591.2
0;591.6
1;591.8
1;592.2
0;592.4
1;592.8
1;593.2
0;593.4
1;593.8
1;594.0
0;594.4
1;594.8
1;595.0
0;595.4
1;595.6
1;596.0
0;596.4
1;596.6
1;597.0
1;597.2
0;597.6
1;598.0
1;598.2
1;598.6
0;598.8
1;599.2
1;599.6
1;599.8
0;600.2
1;600.4
1;600.8
1;601.2
1;601.4
0;601.8
1;602.0
1;602.4
1;602.8
1;603.0
1;603.4
0;603.6
1;604.0
1;604.4
1;604.6
1;605.0
1;605.2
1;605.6
0;606.0
1;606.2
1;606.6
1;606.8
1;607.2
1;607.6
1;607.8
1;608.2
1;608.4
0;608.8
1;609.2
1;609.4
1;609.8
1;610.0
1;610.4
1;610.8
1;611.0
1;611.4
1;611.6
1;612.0
1;612.4
1;612.6
1;613.0
1;613.2
1;613.6
1;614.0
0;614.2
1;614.6
1;614.8
1;615.2
1;615.6
1;615.8
1;616.2
1;616.4
1;616.8
1;617.2
1;617.4
1;617.8
1;618.0
1;618.4
1;618.8
1;619.0
1;619.4
1;619.6
1;620.0
1;620.4
1;620.6
1;621.0
1;621.2
1;621.6
1;622.0
1;622.2
1;622.6
1;622.8
1;623.2
1;623.6
1;623.8
1;624.2
1;624.4
1;624.8
1;625.2
1;625.4
1;625.8
1;626.0
1;626.4
1;626.8
1;627.0
1;627.4
1;627.6
1;628.0
1;628.4
1;628.6
1;629.0
1;629.2
1;629.6
1;630.0
1;630.2
1;630.6
1;630.8
1;631.2
1;631.6
1;631.8
1;632.2
1;632.4
1;632.8
1;633.2
1;633.4
1;633.8
0;634.0
1;634.4
1;634.8
1;635.0
1;635.4
1;635.6
1;636.0
1;636.4
1;636.6
1;637.0
1;637.2
1;637.6
1;638.0
0;638.2
1;638.6
1;638.8
1;639.2
1;639.6
1;639.8
1;640.2
1;640.4
0;640.8
1;641.2
1;641.4
1;641.8
1;642.0
1;642.4
0;642.8
1;643.0
1;643.4
1;643.6
1;644.0
1;644.4
0;644.6
1;645.0
1;645.2
1;645.6
0;646.0
1;646.2
1;646.6
1;646.8
0;647.2
1;647.6
1;647.8
1;648.2
0;648.4
1;648.8
1;649.2
1;649.4
0;649.8
1;650.0
1;650.4
0;650.8
1;651.0
1;651.4
0;651.6
1;652.0
1;652.4
0;652.6
1;653.0
1;653.2
0;653.6
1;654.0
0;654.2
1;654.6
1;654.8
0;655.2
1;655.6
0;655.8
1;656.2
0;656.4
1;656.8
1;657.2
0;657.4
1;657.8
0;658.0
1;658.4
0;658.8
1;659.0
0;659.4
1;659.6
0;660.0
1;660.4
0;660.6
1;661.0
0;661.2
1;661.6
0;662.0
0;662.2
1;662.6
0;662.8
1;663.2
0;663.6
1;663.8
0;664.2
0;664.4
1;664.8
0;665.2
0;665.4
1;665.8
0;666.0
0;666.4
1;666.8
0;667.0
1;667.4
0;667.6
0;668.0
0;668.4
1;668.6
0;669.0
0;669.2
1;669.6
0;670.0
0;670.2
0;670.6
1;670.8
0;671.2
0;671.6
0;671.8
1;672.2
0;672.4
0;672.8
0;673.2
1;673.4
0;673.8
0;674.0
0;674.4
0;674.8
1;675.0
0;675.4
0;675.6
0;676.0
0;676.4
0;676.6
1;677.0
0;677.2
0;677.6
0;678.0
0;678.2
0;678.6
0;678.8
1;679.2
0;679.6
0;679.8
0;680.2
0;680.4
0;680.8
0;681.2
0;681.4
0;681.8
1;682.0
0;682.4
0;682.8
0;683.0
0;683.4
0;683.6
0;684.0
0;684.4
0;684.6
0;685.0
0;685.2
0;685.6
0;686.0
0;686.2
0;686.6
0;686.8
0;687.2
0;687.6
1;687.8
0;688.2
0;688.4
0;688.8
0;689.2
0;689.4
0;689.8
0;690.0
0;690.4
0;690.8
0;691.0
0;691.4
0;691.6
0;692.0
0;692.4
0;692.6
0;693.0
0;693.2
0;693.6
0;694.0
0;694.2
0;694.6
0;694.8
0;695.2
0;695.6
0;695.8
0;696.2
0;696.4
0;696.8
0;697.2
0;697.4
0;697.8
0;698.0
0;698.4
0;698.8
0;699.0
0;699.4
0;699.6
0;700.0
0;700.4
0;700.6
0;701.0
0;701.2
0;701.6
0;702.0
0;702.2
0;702.6
0;702.8
0;703.2
0;703.6
0;703.8
0;704.2
0;704.4
0;704.8
0;705.2
0;705.4
0;705.8
0;706.0
0;706.4
0;706.8
0;707.0
0;707.4
1;707.6
0;708.0
0;708.4
0;708.6
0;709.0
0;709.2
0;709.6
0;710.0
0;710.2
0;710.6
0;710.8
0;711.2
1;711.6
0;711.8
0;712.2
0;712.4
0;712.8
0;713.2
0;713.4
0;713.8
1;714.0
0;714.4
0;714.8
0;715.0
0;715.4
0;715.6
1;716.0
0;716.4
0;716.6
0;717.0
0;717.2
1;717.6
0;718.0
0;718.2
0;718.6
0;718.8
1;719.2
0;719.6
0;719.8
0;720.2
1;720.4
0;720.8
0;721.2
0;721.4
1;721.8
0;722.0
0;722.4
1;722.8
0;723.0
0;723.4
0;723.6
1;724.0
0;724.4
0;724.6
1;725.0
0;725.2
1;725.6
0;726.0
0;726.2
1;726.6
0;726.8
0;727.2
1;727.6
0;727.8
1;728.2
0;728.4
0;728.8
1;729.2
0;729.4
1;729.8
0;730.0
1;730.4
0;730.8
1;731.0
0;731.4
1;731.6
0;732.0
0;732.4
1;732.6
1;733.0
0;733.2
1;733.6
0;734.0
1;734.2
0;734.6
1;734.8
0;735.2
1;735.6
0;735.8
1;736.2
1;736.4
0;736.8
1;737.2
0;737.4
1;737.8
1;738.0
0;738.4
1;738.8
1;739.0
0;739.4
1;739.6
0;740.0
1;740.4
1;740.6
0;741.0
1;741.2
1;741.6
1;742.0
0;742.2
1;742.6
1;742.8
0;743.2
1;743.6
1;743.8
1;744.2
0;744.4
1;744.8
1;745.2
1;745.4
0;745.8
1;746.0
1;746.4
1;746.8
1;747.0
0;747.4
1;747.6
1;748.0
1;748.4
1;748.6
0;749.0
1;749.2
1;749.6
1;750.0
1;750.2
1;750.6
0;750.8
1;751.2
1;751.6
1;751.8
1;752.2
1;752.4
1;752.8
1;753.2
0;753.4
1;753.8
1;754.0
1;754.4
1;754.8
1;755.0
1;755.4
1;755.6
1;756.0
1;756.4
1;756.6
1;757.0
0;757.2
1;757.6
1;758.0
1;758.2
1;758.6
1;758.8
1;759.2
1;759.6
1;759.8
1;760.2
1;760.4
1;760.8
1;761.2
1;761.4
1;761.8
1;762.0
1;762.4
1;762.8
1;763.0
1;763.4
1;763.6
1;764.0
1;764.4
1;764.6
1;765.0
1;765.2
1;765.6
1;766.0
1;766.2
1;766.6
1;766.8
1;767.2
1;767.6
1;767.8
1;768.2
1;768.4
1;768.8
1;769.2
1;769.4
1;769.8
1;770.0
1;770.4
1;770.8
1;771.0
1;771.4
1;771.6
1;772.0
1;772.4
1;772.6
1;773.0
1;773.2
1;773.6
1;774.0
1;774.2
1;774.6
1;774.8
1;775.2
1;775.6
1;775.8
1;776.2
1;776.4
1;776.8
0;777.2
1;777.4
1;777.8
1;778.0
1;778.4
1;778.8
1;779.0
1;779.4
1;779.6
1;780.0
1;780.4
1;780.6
1;781.0
1;781.2
1;781.6
1;782.0
1;782.2
1;782.6
0;782.8
1;783.2
1;783.6
1;783.8
1;784.2
1;784.4
1;784.8
1;785.2
1;785.4
0;785.8
1;786.0
1;786.4
1;786.8
1;787.0
1;787.4
1;787.6
0;788.0
1;788.4
1;788.6
1;789.0
1;789.2
1;789.6
0;790.0
1;790.2
1;790.6
1;790.8
1;791.2
0;791.6
1;791.8
1;792.2
1;792.4
0;792.8
1;793.2
1;793.4
1;793.8
0;794.0
1;794.4
1;794.8
1;795.0
0;795.4
1;795.6
1;796.0
0;796.4
1;796.6
1;797.0
1;797.2
0;797.6
1;798.0
0;798.2
1;798.6
1;798.8
0;799.2
1;799.6
1;799.8
0;800.2
1;800.4
1;800.8
0;801.2
1;801.4
0;801.8
1;802.0
0;802.4
1;802.8
1;803.0
0;803.4
1;803.6
0;804.0
1;804.4
0;804.6
1;805.0
0;805.2
1;805.6
0;806.0
1;806.2
0;806.6
1;806.8
0;807.2
1;807.6
0;807.8
0;808.2
1;808.4
0;808.8
1;809.2
0;809.4
1;809.8
0;810.0
0;810.4
1;810.8
0;811.0
1;811.4
0;811.6
0;812.0
1;812.4
0;812.6
0;813.0
1;813.2
0;813.6
0;814.0
1;814.2
0;814.6
0;814.8
1;815.2
0;815.6
0;815.8
0;816.2
1;816.4
0;816.8
0;817.2
0;817.4
1;817.8
0;818.0
0;818.4
0;818.8
1;819.0
0;819.4
0;819.6
0;820.0
1;820.4
0;820.6
0;821.0
0;821.2
0;821.6
0;822.0
1;822.2
0;822.6
0;822.8
0;823.2
0;823.6
0;823.8
1;824.2
0;824.4
0;824.8
0;825.2
0;825.4
0;825.8
0;826.0
0;826.4
1;826.8
0;827.0
0;827.4
0;827.6
0;828.0
0;828.4
0;828.6
0;829.0
0;829.2
0;829.6
0;830.0
0;830.2
0;830.6
1;830.8
0;831.2
0;831.6
0;831.8
0;832.2
0;832.4
0;832.8
0;833.2
0;833.4
0;833.8
0;834.0
0;834.4
0;834.8
0;835.0
0;835.4
0;835.6
0;836.0
0;836.4
0;836.6
0;837.0
0;837.2
0;837.6
0;838.0
0;838.2
0;838.6
0;838.8
0;839.2
0;839.6
0;839.8
0;840.2
0;840.4
0;840.8
0;841.2
0;841.4
0;841.8
0;842.0
0;842.4
0;842.8
0;843.0
0;843.4
0;843.6
0;844.0
0;844.4
0;844.6
0;845.0
0;845.2
0;845.6
0;846.0
0;846.2
0;846.6
0;846.8
0;847.2
0;847.6
0;847.8
0;848.2
0;848.4
0;848.8
0;849.2
0;849.4
0;849.8
0;850.0
0;850.4
1;850.8
0;851.0
0;851.4
0;851.6
0;852.0
0;852.4
0;852.6
0;853.0
0;853.2
0;853.6
0;854.0
0;854.2
0;854.6
0;854.8
0;855.2
0;855.6
0;855.8
1;856.2
0;856.4
0;856.8
0;857.2
0;857.4
0;857.8
0;858.0
0;858.4
0;858.8
1;859.0
0;859.4
0;859.6
0;860.0
0;860.4
0;860.6
0;861.0
1;861.2
0;861.6
0;862.0
0;862.2
0;862.6
0;862.8
1;863.2
0;863.6
0;863.8
0;864.2
0;864.4
1;864.8
0;865.2
0;865.4
0;865.8
1;866.0
0;866.4
0;866.8
0;867.0
1;867.4
0;867.6
0;868.0
0;868.4
1;868.6
0;869.0
0;869.2
1;869.6
0;870.0
0;870.2
1;870.6
0;870.8
0;871.2
1;871.6
0;871.8
0;872.2
1;872.4
0;872.8
0;873.2
1;873.4
0;873.8
1;874.0
0;874.4
0;874.8
1;875.0
0;875.4
1;875.6
0;876.0
1;876.4
0;876.6
1;877.0
0;877.2
1;877.6
0;878.0
1;878.2
0;878.6
1;878.8
0;879.2
1;879.6
0;879.8
1;880.2
0;880.4
1;880.8
0;881.2
1;881.4
0;881.8
1;882.0
1;882.4
0;882.8
1;883.0
0;883.4
1;883.6
0;884.0
1;884.4
1;884.6
0;885.0
1;885.2
1;885.6
0;886.0
1;886.2
1;886.6
0;886.8
1;887.2
1;887.6
0;887.8
1;888.2
1;888.4
0;888.8
1;889.2
1;889.4
1;889.8
0;890.0
1;890.4
1;890.8
1;891.0
0;891.4
1;891.6
1;892.0
1;892.4
0;892.6
1;893.0
1;893.2
1;893.6
1;894.0
0;894.2
1;894.6
1;894.8
1;895.2
1;895.6
1;895.8
0;896.2
1;896.4
1;896.8
1;897.2
1;897.4
1;897.8
1;898.0
0;898.4
1;898.8
1;899.0
1;899.4
1;899.6
1;900.0
1;900.4
1;900.6
1;901.0
1;901.2
0;901.6
1;902.0
1;902.2
1;902.6
1;902.8
1;903.2
1;903.6
1;903.8
1;904.2
1;904.4
1;904.8
1;905.2
1;905.4
1;905.8
1;906.0
1;906.4
1;906.8
1;907.0
1;907.4
0;907.6
1;908.0
1;908.4
1;908.6
1;909.0
1;909.2
1;909.6
1;910.0
1;910.2
1;910.6
1;910.8
1;911.2
1;911.6
1;911.8
1;912.2
1;912.4
1;912.8
1;913.2
1;913.4
1;913.8
1;914.0
1;914.4
1;914.8
1;915.0
1;915.4
1;915.6
1;916.0
1;916.4
1;916.6
1;917.0
1;917.2
1;917.6
1;918.0
1;918.2
1;918.6
1;918.8
1;919.2
1;919.6
1;919.8
1;920.2
1;920.4
1;920.8
1;921.2
1;921.4
1;921.8
1;922.0
1;922.4
1;922.8
1;923.0
1;923.4
1;923.6
1;924.0
1;924.4
1;924.6
1;925.0
1;925.2
1;925.6
1;926.0
1;926.2
1;926.6
1;926.8
0;927.2
1;927.6
1;927.8
1;928.2
1;928.4
1;928.8
1;929.2
1;929.4
1;929.8
1;930.0
1;930.4
0;930.8
1;931.0
1;931.4
1;931.6
1;932.0
1;932.4
1;932.6
1;933.0
0;933.2
1;933.6
1;934.0
1;934.2
1;934.6
1;934.8
1;935.2
0;935.6
1;935.8
1;936.2
1;936.4
1;936.8
0;937.2
1;937.4
1;937.8
1;938.0
0;938.4
1;938.8
1;939.0
1;939.4
1;939.6
0;940.0
1;940.4
1;940.6
0;941.0
1;941.2
1;941.6
1;942.0
0;942.2
1;942.6
1;942.8
0;943.2
1;943.6
1;943.8
0;944.2
1;944.4
1;944.8
0;945.2
1;945.4
1;945.8
0;946.0
1;946.4
0;946.8
1;947.0
1;947.4
0;947.6
1;948.0
0;948.4
1;948.6
0;949.0
1;949.2
1;949.6
0;950.0
1;950.2
0;950.6
1;950.8
0;951.2
1;951.6
0;951.8
1;952.2
0;952.4
1;952.8
0;953.2
1;953.4
0;953.8
1;954.0
0;954.4
0;954.8
1;955.0
0;955.4
1;955.6
0;956.0
0;956.4
1;956.6
0;957.0
1;957.2
0;957.6
0;958.0
1;958.2
0;958.6
0;958.8
1;959.2
0;959.6
0;959.8
1;960.2
0;960.4
0;960.8
1;961.2
0;961.4
0;961.8
1;962.0
0;962.4
0;962.8
0;963.0
1;963.4
0;963.6
0;964.0
0;964.4
1;964.6
0;965.0
0;965.2
0;965.6
1;966.0
0;966.2
0;966.6
0;966.8
0;967.2
1;967.6
0;967.8
0;968.2
0;968.4
0;968.8
0;969.2
1;969.4
0;969.8
0;970.0
0;970.4
0;970.8
0;971.0
0;971.4
1;971.6
0;972.0
0;972.4
0;972.6
0;973.0
0;973.2
0;973.6
0;974.0
0;974.2
0;974.6
1;974.8
0;975.2
0;975.6
0;975.8
0;976.2
0;976.4
0;976.8
0;977.2
0;977.4
0;977.8
0;978.0
0;978.4
0;978.8
0;979.0
0;979.4
0;979.6
0;980.0
0;980.4
0;980.6
0;981.0
0;981.2
1;981.6
0;982.0
0;982.2
0;982.6
0;982.8
0;983.2
0;983.6
0;983.8
0;984.2
0;984.4
0;984.8
0;985.2
0;985.4
0;985.8
0;986.0
0;986.4
0;986.8
0;987.0
0;987.4
0;987.6
0;988.0
0;988.4
0;988.6
0;989.0
0;989.2
0;989.6
0;990.0
0;990.2
0;990.6
0;990.8
0;991.2
0;991.6
0;991.8
0;992.2
0;992.4
0;992.8
0;993.2
0;993.4
0;993.8
0;994.0
0;994.4
0;994.8
0;995.0
0;995.4
0;995.6
0;996.0
0;996.4
0;996.6
0;997.0
0;997.2
0;997.6
0;998.0
0;998.2
0;998.6
0;998.8
0;999.2
0;999.6
0;999.8
0;1000.2
1;1000.4
0;1000.8
0;1001.2
0;1001.4
0;1001.8
0;1002.0
0;1002.4
0;1002.8
0;1003.0
0;1003.4
0;1003.6
1;1004.0
0;1004.4
0;1004.6
0;1005.0
0;1005.2
0;1005.6
0;1006.0
0;1006.2
1;1006.6
0;1006.8
0;1007.2
0;1007.6
0;1007.8
0;1008.2
1;1008.4
0;1008.8
0;1009.2
0;1009.4
0;1009.8
0;1010.0
1;1010.4
0;1010.8
0;1011.0
0;1011.4
1;1011.6
0;1012.0
0;1012.4
0;1012.6
1;1013.0
0;1013.2
0;1013.6
0;1014.0
1;1014.2
0;1014.6
0;1014.8
1;1015.2
0;1015.6
0;1015.8
0;1016.2
1;1016.4
0;1016.8
0;1017.2
1;1017.4
0;1017.8
0;1018.0
1;1018.4
0;1018.8
1;1019.0
0;1019.4
0;1019.6
1;1020.0
0;1020.4
1;1020.6
0;1021.0
0;1021.2
1;1021.6
0;1022.0
1;1022.2
0;1022.6
1;1022.8
0;1023.2
1;1023.6
0;1023.8
1;1024.2
0;1024.4
0;1024.8
1;1025.2
1;1025.4
0;1025.8
1;1026.0
0;1026.4
1;1026.8
0;1027.0
1;1027.4
0;1027.6
1;1028.0
0;1028.4
1;1028.6
1;1029.0
0;1029.2
1;1029.6
0;1030.0
1;1030.2
1;1030.6
0;1030.8
1;1031.2
1;1031.6
0;1031.8
1;1032.2
0;1032.4
1;1032.8
1;1033.2
1;1033.4
0;1033.8
1;1034.0
1;1034.4
0;1034.8
1;1035.0
1;1035.4
0;1035.6
1;1036.0
1;1036.4
1;1036.6
0;1037.0
1;1037.2
1;1037.6
1;1038.0
0;1038.2
1;1038.6
1;1038.8
1;1039.2
1;1039.6
0;1039.8
1;1040.2
1;1040.4
1;1040.8
1;1041.2
0;1041.4
1;1041.8
1;1042.0
1;1042.4
1;1042.8
1;1043.0
1;1043.4
0;1043.6
1;1044.0
1;1044.4
1;1044.6
1;1045.0
1;1045.2
1;1045.6
1;1046.0
0;1046.2
1;1046.6
1;1046.8
1;1047.2
1;1047.6
1;1047.8
1;1048.2
1;1048.4
1;1048.8
1;1049.2
1;1049.4
1;1049.8
1;1050.0
0;1050.4
1;1050.8
1;1051.0
1;1051.4
1;1051.6
1;1052.0
1;1052.4
1;1052.6
1;1053.0
1;1053.2
1;1053.6
1;1054.0
1;1054.2
1;1054.6
1;1054.8
1;1055.2
1;1055.6
1;1055.8
1;1056.2
1;1056.4
1;1056.8
1;1057.2
1;1057.4
1;1057.8
1;1058.0
1;1058.4
1;1058.8
1;1059.0
1;1059.4
1;1059.6
1;1060.0
1;1060.4
1;1060.6
1;1061.0
1;1061.2
1;1061.6
1;1062.0
1;1062.2
1;1062.6
1;1062.8
1;1063.2
1;1063.6
1;1063.8
1;1064.2
1;1064.4
1;1064.8
1;1065.2
1;1065.4
1;1065.8
1;1066.0
1;1066.4
1;1066.8
1;1067.0
1;1067.4
1;1067.6
1;1068.0
1;1068.4
1;1068.6
1;1069.0
1;1069.2
1;1069.6
1;1070.0
1;1070.2
0;1070.6
1;1070.8
1;1071.2
1;1071.6
1;1071.8
1;1072.2
1;1072.4
1;1072.8
1;1073.2
1;1073.4
1;1073.8
1;1074.0
1;1074.4
1;1074.8
1;1075.0
1;1075.4
0;1075.6
1;1076.0
1;1076.4
1;1076.6
1;1077.0
1;1077.2
1;1077.6
1;1078.0
1;1078.2
0;1078.6
1;1078.8
1;1079.2
1;1079.6
1;1079.8
1;1080.2
1;1080.4
0;1080.8
1;1081.2
1;1081.4
1;1081.8
1;1082.0
1;1082.4
0;1082.8
1;1083.0
1;1083.4
1;1083.6
0;1084.0
1;1084.4
1;1084.6
1;1085.0
1;1085.2
0;1085.6
1;1086.0
1;1086.2
1;1086.6
0;1086.8
1;1087.2
1;1087.6
0;1087.8
1;1088.2
1;1088.4
1;1088.8
0;1089.2
1;1089.4
1;1089.8
0;1090.0
1;1090.4
1;1090.8
0;1091.0
1;1091.4
0;1091.6
1;1092.0
1;1092.4
0;1092.6
1;1093.0
1;1093.2
0;1093.6
1;1094.0
0;1094.2
1;1094.6
0;1094.8
1;1095.2
1;1095.6
0;1095.8
1;1096.2
0;1096.4
1;1096.8
0;1097.2
1;1097.4
0;1097.8
1;1098.0
0;1098.4
1;1098.8
0;1099.0
1;1099.4
0;1099.6
1;1100.0
0;1100.4
0;1100.6
1;1101.0
0;1101.2
1;1101.6
0;1102.0
1;1102.2
0;1102.6
0;1102.8
1;1103.2
0;1103.6
1;1103.8
0;1104.2
0;1104.4
1;1104.8
0;1105.2
0;1105.4
1;1105.8
0;1106.0
0;1106.4
1;1106.8
0;1107.0
0;1107.4
1;1107.6
0;1108.0
0;1108.4
0;1108.6
1;1109.0
0;1109.2
0;1109.6
0;1110.0
1;1110.2
0;1110.6
0;1110.8
0;1111.2
1;1111.6
0;1111.8
0;1112.2
0;1112.4
0;1112.8
1;1113.2
0;1113.4
0;1113.8
0;1114.0
0;1114.4
1;1114.8
0;1115.0
0;1115.4
0;1115.6
0;1116.0
0;1116.4
0;1116.6
1;1117.0
0;1117.2
0;1117.6
0;1118.0
0;1118.2
0;1118.6
0;1118.8
0;1119.2
1;1119.6
0;1119.8
0;1120.2
0;1120.4
0;1120.8
0;1121.2
0;1121.4
0;1121.8
0;1122.0
0;1122.4
0;1122.8
0;1123.0
0;1123.4
1;1123.6
0;1124.0
0;1124.4
0;1124.6
0;1125.0
0;1125.2
0;1125.6
0;1126.0
0;1126.2
0;1126.6
0;1126.8
0;1127.2
0;1127.6
0;1127.8
0;1128.2
0;1128.4
0;1128.8
0;1129.2
0;1129.4
0;1129.8
0;1130.0
0;1130.4
0;1130.8
0;1131.0
0;1131.4
0;1131.6
0;1132.0
0;1132.4
0;1132.6
0;1133.0
0;1133.2
0;1133.6
0;1134.0
0;1134.2
0;1134.6
0;1134.8
0;1135.2
0;1135.6
0;1135.8
0;1136.2
0;1136.4
0;1136.8
0;1137.2
0;1137.4
0;1137.8
0;1138.0
0;1138.4
0;1138.8
0;1139.0
0;1139.4
0;1139.6
0;1140.0
0;1140.4
0;1140.6
0;1141.0
0;1141.2
0;1141.6
0;1142.0
0;1142.2
0;1142.6
0;1142.8
0;1143.2
0;1143.6
0;1143.8
1;1144.2
0;1144.4
0;1144.8
0;1145.2
0;1145.4
0;1145.8
0;1146.0
0;1146.4
0;1146.8
0;1147.0
0;1147.4
0;1147.6
0;1148.0
0;1148.4
0;1148.6
1;1149.0
0;1149.2
0;1149.6
0;1150.0
0;1150.2
0;1150.6
0;1150.8
0;1151.2
0;1151.6
1;1151.8
0;1152.2
0;1152.4
0;1152.8
0;1153.2
0;1153.4
0;1153.8
1;1154.0
0;1154.4
0;1154.8
0;1155.0
0;1155.4
1;1155.6
0;1156.0
0;1156.4
0;1156.6
0;1157.0
1;1157.2
0;1157.6
0;1158.0
0;1158.2
1;1158.6
0;1158.8
0;1159.2
0;1159.6
1;1159.8
0;1160.2
0;1160.4
0;1160.8
1;1161.2
0;1161.4
0;1161.8
1;1162.0
0;1162.4
0;1162.8
1;1163.0
0;1163.4
0;1163.6
1;1164.0
0;1164.4
0;1164.6
1;1165.0
0;1165.2
0;1165.6
1;1166.0
0;1166.2
1;1166.6
0;1166.8
0;1167.2
1;1167.6
0;1167.8
1;1168.2
0;1168.4
1;1168.8
0;1169.2
1;1169.4
0;1169.8
1;1170.0
0;1170.4
1;1170.8
0;1171.0
1;1171.4
0;1171.6
1;1172.0
0;1172.4
1;1172.6
0;1173.0
1;1173.2
0;1173.6
1;1174.0
0;1174.2
1;1174.6
1;1174.8
0;1175.2
1;1175.6
0;1175.8
1;1176.2
1;1176.4
0;1176.8
1;1177.2
0;1177.4
1;1177.8
1;1178.0
0;1178.4
1;1178.8
1;1179.0
0;1179.4
1;1179.6
1;1180.0
0;1180.4
1;1180.6
1;1181.0
1;1181.2
0;1181.6
1;1182.0
1;1182.2
0;1182.6
1;1182.8
1;1183.2
1;1183.6
0;1183.8
1;1184.2
1;1184.4
1;1184.8
1;1185.2
0;1185.4
1;1185.8
1;1186.0
1;1186.4
1;1186.8
0;1187.0
1;1187.4
1;1187.6
1;1188.0
1;1188.4
1;1188.6
0;1189.0
1;1189.2
1;1189.6
1;1190.0
1;1190.2
1;1190.6
1;1190.8
0;1191.2
1;1191.6
1;1191.8
1;1192.2
1;1192.4
1;1192.8
1;1193.2
1;1193.4
1;1193.8
1;1194.0
0;1194.4
1;1194.8
1;1195.0
1;1195.4
1;1195.6
1;1196.0
1;1196.4
1;1196.6
1;1197.0
1;1197.2
1;1197.6
1;1198.0
1;1198.2
1;1198.6
1;1198.8
1;1199.2
1;1199.6
1;1199.8
1;1200.2
1;1200.4
1;1200.8
1;1201.2
1;1201.4
0;1201.8
1;1202.0
1;1202.4
1;1202.8
1;1203.0
1;1203.4
1;1203.6
1;1204.0
1;1204.4
1;1204.6
1;1205.0
1;1205.2
1;1205.6
1;1206.0
1;1206.2
1;1206.6
1;1206.8
1;1207.2
1;1207.6
1;1207.8
1;1208.2
1;1208.4
1;1208.8
1;1209.2
1;1209.4
1;1209.8
1;1210.0
1;1210.4
1;1210.8
1;1211.0
1;1211.4
1;1211.6
1;1212.0
1;1212.4
1;1212.6
1;1213.0
1;1213.2
1;1213.6
1;1214.0
1;1214.2
1;1214.6
1;1214.8
1;1215.2
1;1215.6
1;1215.8
1;1216.2
1;1216.4
1;1216.8
1;1217.2
1;1217.4
1;1217.8
1;1218.0
1;1218.4
1;1218.8
1;1219.0
1;1219.4
1;1219.6
0;1220.0
1;1220.4
1;1220.6
1;1221.0
1;1221.2
1;1221.6
1;1222.0
1;1222.2
1;1222.6
1;1222.8
1;1223.2
0;1223.6
1;1223.8
1;1224.2
1;1224.4
1;1224.8
1;1225.2
1;1225.4
1;1225.8
0;1226.0
1;1226.4
1;1226.8
1;1227.0
1;1227.4
1;1227.6
0;1228.0
1;1228.4
1;1228.6
1;1229.0
1;1229.2
0;1229.6
1;1230.0
1;1230.2
1;1230.6
1;1230.8
0;1231.2
1;1231.6
1;1231.8
1;1232.2
0;1232.4
1;1232.8
1;1233.2
1;1233.4
0;1233.8
1;1234.0
1;1234.4
0;1234.8
1;1235.0
1;1235.4
0;1235.6
1;1236.0
1;1236.4
0;1236.6
1;1237.0
1;1237.2
0;1237.6
1;1238.0
1;1238.2
0;1238.6
1;1238.8
0;1239.2
1;1239.6
1;1239.8
0;1240.2
1;1240.4
0;1240.8
1;1241.2
0;1241.4
1;1241.8
1;1242.0
0;1242.4
1;1242.8
0;1243.0
1;1243.4
0;1243.6
1;1244.0
0;1244.4
1;1244.6
0;1245.0
1;1245.2
0;1245.6
1;1246.0
0;1246.2
1;1246.6
0;1246.8
0;1247.2
1;1247.6
0;1247.8
1;1248.2
0;1248.4
0;1248.8
1;1249.2
0;1249.4
1;1249.8
0;1250.0
0;1250.4
1;1250.8
0;1251.0
0;1251.4
1;1251.6
0;1252.0
0;1252.4
1;1252.6
0;1253.0
0;1253.2
1;1253.6
0;1254.0
0;1254.2
1;1254.6
0;1254.8
0;1255.2
0;1255.6
1;1255.8
0;1256.2
0;1256.4
0;1256.8
1;1257.2
0;1257.4
0;1257.8
0;1258.0
1;1258.4
0;1258.8
0;1259.0
0;1259.4
0;1259.6
1;1260.0
0;1260.4
0;1260.6
0;1261.0
0;1261.2
0;1261.6
1;1262.0
0;1262.2
0;1262.6
0;1262.8
0;1263.2
0;1263.6
0;1263.8
0;1264.2
1;1264.4
0;1264.8
0;1265.2
0;1265.4
0;1265.8
0;1266.0
0;1266.4
0;1266.8
0;1267.0
0;1267.4
1;1267.6
0;1268.0
0;1268.4
0;1268.6
0;1269.0
0;1269.2
0;1269.6
0;1270.0
0;1270.2
0;1270.6
0;1270.8
0;1271.2
0;1271.6
0;1271.8
0;1272.2
0;1272.4
0;1272.8
0;1273.2
0;1273.4
0;1273.8
0;1274.0
0;1274.4
0;1274.8
0;1275.0
0;1275.4
0;1275.6
0;1276.0
1;1276.4
0;1276.6
0;1277.0
0;1277.2
0;1277.6
0;1278.0
0;1278.2
0;1278.6
0;1278.8
0;1279.2
0;1279.6
0;1279.8
0;1280.2
0;1280.4
0;1280.8
0;1281.2
0;1281.4
0;1281.8
0;1282.0
0;1282.4
0;1282.8
0;1283.0
0;1283.4
0;1283.6
0;1284.0
0;1284.4
0;1284.6
0;1285.0
0;1285.2
0;1285.6
0;1286.0
0;1286.2
0;1286.6
0;1286.8
0;1287.2
0;1287.6
0;1287.8
0;1288.2
0;1288.4
0;1288.8
0;1289.2
0;1289.4
0;1289.8
0;1290.0
0;1290.4
0;1290.8
0;1291.0
0;1291.4
0;1291.6
0;1292.0
0;1292.4
0;1292.6
0;1293.0
1;1293.2
0;1293.6
0;1294.0
0;1294.2
0;1294.6
0;1294.8
0;1295.2
0;1295.6
0;1295.8
0;1296.2
0;1296.4
1;1296.8
0;1297.2
0;1297.4
0;1297.8
0;1298.0
0;1298.4
0;1298.8
0;1299.0
1;1299.4
0;1299.6
0;1300.0
0;1300.4
0;1300.6
0;1301.0
1;1301.2
0;1301.6
0;1302.0
0;1302.2
0;1302.6
1;1302.8
0;1303.2
0;1303.6
0;1303.8
1;1304.2
0;1304.4
0;1304.8
0;1305.2
1;1305.4
0;1305.8
0;1306.0
0;1306.4
1;1306.8
0;1307.0
0;1307.4
0;1307.6
1;1308.0
0;1308.4
0;1308.6
1;1309.0
0;1309.2
0;1309.6
1;1310.0
0;1310.2
0;1310.6
1;1310.8
0;1311.2
1;1311.6
0;1311.8
0;1312.2
1;1312.4
0;1312.8
1;1313.2
0;1313.4
0;1313.8
1;1314.0
0;1314.4
1;1314.8
0;1315.0
1;1315.4
0;1315.6
1;1316.0
0;1316.4
1;1316.6
0;1317.0
0;1317.2
1;1317.6
1;1318.0
0;1318.2
1;1318.6
0;1318.8
1;1319.2
0;1319.6
1;1319.8
0;1320.2
1;1320.4
0;1320.8
1;1321.2
1;1321.4
0;1321.8
1;1322.0
0;1322.4
1;1322.8
1;1323.0
0;1323.4
1;1323.6
1;1324.0
0;1324.4
1;1324.6
1;1325.0
0;1325.2
1;1325.6
1;1326.0
0;1326.2
1;1326.6
1;1326.8
0;1327.2
1;1327.6
1;1327.8
0;1328.2
1;1328.4
1;1328.8
1;1329.2
0;1329.4
1;1329.8
1;1330.0
1;1330.4
1;1330.8
0;1331.0
1;1331.4
1;1331.6
1;1332.0
0;1332.4
1;1332.6
1;1333.0
1;1333.2
1;1333.6
1;1334.0
0;1334.2
1;1334.6
1;1334.8
1;1335.2
1;1335.6
1;1335.8
0;1336.2
1;1336.4
1;1336.8
1;1337.2
1;1337.4
1;1337.8
1;1338.0
1;1338.4
1;1338.8
0;1339.0
1;1339.4
1;1339.6
1;1340.0
1;1340.4
1;1340.6
1;1341.0
1;1341.2
1;1341.6
1;1342.0
1;1342.2
1;1342.6
1;1342.8
0;1343.2
1;1343.6
1;1343.8
1;1344.2
1;1344.4
1;1344.8
1;1345.2
1;1345.4
1;1345.8
1;1346.0
1;1346.4
1;1346.8
1;1347.0
1;1347.4
1;1347.6
1;1348.0
1;1348.4
1;1348.6
1;1349.0
1;1349.2
1;1349.6
1;1350.0
1;1350.2
1;1350.6
1;1350.8
1;1351.2
1;1351.6
1;1351.8
1;1352.2
1;1352.4
1;1352.8
1;1353.2
1;1353.4
1;1353.8
1;1354.0
1;1354.4
1;1354.8
1;1355.0
1;1355.4
1;1355.6
1;1356.0
1;1356.4
1;1356.6
1;1357.0
1;1357.2
1;1357.6
1;1358.0
1;1358.2
1;1358.6
1;1358.8
1;1359.2
1;1359.6
1;1359.8
1;1360.2
1;1360.4
1;1360.8
1;1361.2
1;1361.4
1;1361.8
1;1362.0
1;1362.4
1;1362.8
1;1363.0
1;1363.4
0;1363.6
1;1364.0
1;1364.4
1;1364.6
1;1365.0
1;1365.2
1;1365.6
1;1366.0
1;1366.2
1;1366.6
1;1366.8
1;1367.2
1;1367.6
1;1367.8
1;1368.2
0;1368.4
1;1368.8
1;1369.2
1;1369.4
1;1369.8
1;1370.0
1;1370.4
1;1370.8
1;1371.0
0;1371.4
1;1371.6
1;1372.0
1;1372.4
1;1372.6
1;1373.0
0;1373.2
1;1373.6
1;1374.0
1;1374.2
1;1374.6
1;1374.8
0;1375.2
1;1375.6
1;1375.8
1;1376.2
1;1376.4
0;1376.8
1;1377.2
1;1377.4
1;1377.8
0;1378.0
1;1378.4
1;1378.8
1;1379.0
0;1379.4
1;1379.6
1;1380.0
0;1380.4
1;1380.6
1;1381.0
1;1381.2
0;1381.6
1;1382.0
1;1382.2
0;1382.6
1;1382.8
1;1383.2
0;1383.6
1;1383.8
0;1384.2
1;1384.4
1;1384.8
0;1385.2
1;1385.4
1;1385.8
0;1386.0
1;1386.4
0;1386.8
1;1387.0
0;1387.4
1;1387.6
1;1388.0
0;1388.4
1;1388.6
0;1389.0
1;1389.2
0;1389.6
1;1390.0
0;1390.2
1;1390.6
0;1390.8
1;1391.2
0;1391.6
1;1391.8
0;1392.2
1;1392.4
0;1392.8
0;1393.2
1;1393.4
0;1393.8
1;1394.0
0;1394.4
1;1394.8
0;1395.0
0;1395.4
1;1395.6
0;1396.0
0;1396.4
1;1396.6
0;1397.0
1;1397.2
0;1397.6
0;1398.0
1;1398.2
0;1398.6
0;1398.8
1;1399.2
0;1399.6
0;1399.8
0;1400.2
1;1400.4
0;1400.8
0;1401.2
1;1401.4
0;1401.8
0;1402.0
0;1402.4
1;1402.8
0;1403.0
0;1403.4
0;1403.6
1;1404.0
0;1404.4
0;1404.6
0;1405.0
0;1405.2
1;1405.6
0;1406.0
0;1406.2
0;1406.6
0;1406.8
0;1407.2
1;1407.6
0;1407.8
0;1408.2
0;1408.4
0;1408.8
0;1409.2
1;1409.4
0;1409.8
0;1410.0
0;1410.4
0;1410.8
0;1411.0
0;1411.4
0;1411.6
0;1412.0
1;1412.4
0;1412.6
0;1413.0
0;1413.2
0;1413.6
0;1414.0
0;1414.2
0;1414.6
0;1414.8
0;1415.2
0;1415.6
0;1415.8
0;1416.2
0;1416.4
1;1416.8
0;1417.2
0;1417.4
0;1417.8
0;1418.0
0;1418.4
0;1418.8
0;1419.0
0;1419.4
0;1419.6
0;1420.0
0;1420.4
0;1420.6
0;1421.0
0;1421.2
0;1421.6
0;1422.0
0;1422.2
0;1422.6
0;1422.8
0;1423.2
0;1423.6
0;1423.8
0;1424.2
0;1424.4
0;1424.8
0;1425.2
0;1425.4
0;1425.8
0;1426.0
0;1426.4
0;1426.8
0;1427.0
0;1427.4
0;1427.6
0;1428.0
0;1428.4
0;1428.6
0;1429.0
0;1429.2
0;1429.6
0;1430.0
0;1430.2
0;1430.6
0;1430.8
0;1431.2
0;1431.6
0;1431.8
0;1432.2
0;1432.4
0;1432.8
0;1433.2
0;1433.4
0;1433.8
0;1434.0
0;1434.4
0;1434.8
0;1435.0
0;1435.4
0;1435.6
0;1436.0
0;1436.4
0;1436.6
0;1437.0
1;1437.2
0;1437.6
0;1438.0
0;1438.2
0;1438.6
0;1438.8
0;1439.2
0;1439.6
0;1439.8
0;1440.2
0;1440.4
0;1440.8
0;1441.2
0;1441.4
1;1441.8
0;1442.0
0;1442.4
0;1442.8
0;1443.0
0;1443.4
0;1443.6
0;1444.0
1;1444.4
0;1444.6
0;1445.0
0;1445.2
0;1445.6
0;1446.0
0;1446.2
1;1446.6
0;1446.8
0;1447.2
0;1447.6
0;1447.8
0;1448.2
1;1448.4
0;1448.8
0;1449.2
0;1449.4
1;1449.8
0;1450.0
0;1450.4
0;1450.8
0;1451.0
1;1451.4
0;1451.6
0;1452.0
1;1452.4
0;1452.6
0;1453.0
0;1453.2
1;1453.6
0;1454.0
0;1454.2
1;1454.6
0;1454.8
0;1455.2
1;1455.6
0;1455.8
0;1456.2
1;1456.4
0;1456.8
0;1457.2
1;1457.4
0;1457.8
0;1458.0
1;1458.4
0;1458.8
1;1459.0
0;1459.4
0;1459.6
1;1460.0
0;1460.4
1;1460.6
0;1461.0
1;1461.2
0;1461.6
1;1462.0
0;1462.2
1;1462.6
0;1462.8
0;1463.2
